item_id,name,price,Category,Meal_Type,calories_kcal,protein_g,fat_g,carbohydrates_g,salt_equivalent_g,saturated_fat_g,sugar_g,dietary_fiber_g,cholesterol_mg,sodium_mg,vitamin_c_mg,calcium_mg,iron_mg
1,salmon onigiri,150,Protein,Dinner,152,1.2,15.5,40.7,1.0,4.2,8.6,2.7,10,849.0,17.8,12.6,0.5
2,tuna mayo onigiri,140,Protein,Lunch,485,28.7,37.5,13.9,3.8,2.8,9.6,1.1,150,827.0,34.0,5.4,3.8
3,pickled plum onigiri,130,Meal,Lunch,320,25.0,5.6,59.9,4.1,7.0,2.0,0.5,0,1531.0,28.6,296.3,2.7
4,kelp onigiri,120,Meal,Lunch,156,25.8,13.7,8.4,5.0,5.3,8.4,7.9,45,1951.0,39.8,128.3,4.8
5,spicy cod roe onigiri,160,Meal,Lunch,121,27.2,4.6,49.2,2.1,8.8,13.9,2.6,100,2259.0,56.2,115.3,1.7
6,grilled salmon onigiri,170,Protein,Dinner,750,3.5,37.0,56.6,1.9,1.2,8.9,6.5,148,2184.0,44.0,203.9,3.2
7,chicken rice onigiri,145,Grain,Lunch,70,13.2,35.1,32.2,3.9,14.6,4.4,2.0,89,104.0,12.9,65.5,4.7
8,beef rice onigiri,155,Grain,Dinner,664,4.9,10.4,61.1,1.8,14.8,6.0,5.5,109,1873.0,1.9,285.0,0.5
9,teriyaki chicken bento,520,Protein,Lunch,171,30.3,26.4,7.9,4.7,10.5,23.0,6.1,163,1251.0,15.7,235.9,4.7
10,karaage bento,500,Protein,Lunch,516,22.2,32.7,8.5,4.3,8.0,10.3,4.8,181,882.0,35.7,26.8,3.4
11,pork cutlet bento,550,Protein,Lunch,264,12.3,22.3,83.1,2.2,4.6,18.2,3.8,56,362.0,3.1,125.3,0.3
12,grilled fish bento,530,Protein,Lunch,380,3.2,21.2,39.2,3.8,12.2,25.2,3.3,0,1908.0,29.8,263.7,1.5
13,vegetable stir fry bento,480,Meal,Lunch,508,11.6,9.7,17.1,3.8,10.3,34.5,2.8,62,2057.0,35.8,283.4,3.5
14,mapo tofu bowl,450,Legume,Lunch,137,12.1,3.8,54.6,0.6,2.4,2.0,7.4,181,2056.0,20.1,140.2,0.3
15,beef bowl,580,Protein,Lunch,422,25.8,35.9,78.1,4.5,13.7,40.0,6.6,54,1840.0,46.3,184.0,2.9
16,tempura bowl,490,Meal,Lunch,149,22.7,36.0,25.5,2.6,12.3,31.4,7.7,114,377.0,6.4,50.1,1.7
17,oyakodon,500,Meal,Lunch,713,31.2,25.4,64.2,4.1,14.2,4.1,1.0,167,1337.0,4.5,297.4,3.1
18,curry rice bento,460,Grain,Lunch,180,17.1,13.6,13.1,1.7,10.9,43.7,5.8,142,2193.0,43.7,69.5,0.2
19,matcha latte,130,Beverage,Breakfast,711,5.1,14.0,9.9,4.5,9.2,46.0,7.5,148,1161.0,29.7,282.8,4.4
20,boss coffee black,120,Beverage,Breakfast,358,25.3,29.1,55.5,2.0,6.3,3.1,1.4,174,1361.0,41.3,194.9,4.9
21,pocari sweat,150,Beverage,Snack,393,26.9,35.9,56.4,0.2,14.0,13.8,0.5,52,501.0,26.1,182.3,4.8
22,calpis water,140,Beverage,Snack,541,20.1,35.5,65.6,4.5,13.0,40.3,5.9,136,1573.0,14.8,153.8,3.7
23,iyemon green tea,130,Beverage,Breakfast,463,27.2,31.2,74.0,0.5,0.7,37.4,4.6,179,214.0,49.1,69.2,0.7
24,suntory black oolong tea,120,Beverage,Breakfast,435,17.8,25.7,97.7,1.7,0.4,9.2,6.7,56,231.0,48.0,53.0,3.8
25,cc lemon,110,Meal,Snack,241,18.8,3.5,54.0,4.8,5.6,10.5,1.1,116,959.0,41.7,66.1,0.1
26,fanta grape,110,Beverage,Snack,326,15.5,6.5,35.7,4.8,12.2,18.5,6.4,153,872.0,16.3,55.9,0.1
27,coca cola,120,Beverage,Snack,210,1.9,36.0,80.5,2.9,14.8,24.2,1.6,168,993.0,35.4,233.9,1.6
28,strong zero double lemon,200,Meal,Dinner,509,4.7,24.3,30.7,3.2,2.3,30.9,1.3,34,2051.0,21.7,105.0,2.4
29,asahi super dry,250,Meal,Dinner,363,2.1,0.5,46.7,2.3,8.9,18.4,1.3,62,2104.0,5.5,17.4,3.9
30,kirin ichiban shibori,260,Meal,Dinner,71,22.6,4.1,12.5,1.5,5.7,23.1,6.5,24,379.0,55.0,290.7,3.4
31,salty lychee,180,Beverage,Snack,302,11.7,26.6,7.4,1.7,14.5,37.4,5.3,89,824.0,8.2,265.1,2.2
32,horoyoi grape,190,Meal,Dinner,797,18.3,0.3,96.5,3.4,12.6,1.8,4.2,74,2248.0,57.0,278.3,1.4
33,kaki no tane,110,Meal,Snack,610,31.9,6.5,84.4,3.8,12.6,12.6,2.9,37,196.0,26.8,298.5,5.0
34,pocky chocolate,140,Beverage,Snack,524,9.5,22.0,71.1,4.0,7.0,35.7,7.0,129,964.0,11.1,52.2,2.1
35,pocky strawberry,140,Snack,Snack,108,15.0,27.7,43.9,4.0,6.2,44.8,3.1,134,1621.0,32.5,118.9,2.3
36,melonpan,160,Meal,Breakfast,560,26.7,26.1,21.5,0.5,4.1,25.6,6.5,161,1358.0,52.4,227.5,0.8
37,anpan,130,Meal,Breakfast,731,8.8,9.0,19.9,2.5,0.8,26.6,3.5,90,131.0,43.9,208.8,4.0
38,curry pan,150,Meal,Lunch,525,3.6,28.5,28.8,0.4,13.0,5.4,3.0,16,563.0,48.4,46.2,3.5
39,mitarashi dango,120,Dessert,Snack,749,10.9,9.6,57.2,2.8,12.2,22.4,3.7,127,1970.0,39.5,244.7,1.1
40,red bean mochi,110,Dessert,Snack,239,6.5,13.1,72.9,2.3,15.0,26.6,2.4,170,1989.0,41.5,67.3,0.4
41,matcha warabi mochi,130,Dessert,Snack,736,32.6,29.9,67.7,4.4,14.9,12.1,6.0,186,795.0,51.0,67.1,3.4
42,umaibo  ,50,Snack,Snack,612,28.5,26.0,31.6,1.8,8.3,13.5,4.0,107,1459.0,15.0,161.1,3.3
43,umaibo ,50,Snack,Snack,616,22.5,34.0,95.7,0.7,11.5,18.9,1.9,178,756.0,29.4,177.9,1.4
44,takenoko no sato,120,Snack,Snack,293,30.6,26.3,75.1,0.8,14.2,1.0,7.2,181,520.0,13.3,174.0,4.8
45,apollo chocolate,100,Beverage,Snack,554,28.3,22.8,57.7,3.8,12.7,16.1,3.1,151,445.0,59.3,27.4,0.8
46,kitkat matcha,130,Dessert,Snack,180,7.3,3.8,63.1,3.1,3.7,10.6,4.3,24,1605.0,56.6,263.2,2.2
47,meiji almond chocolate,150,Beverage,Snack,534,31.3,14.8,44.9,0.6,6.8,16.4,7.3,198,2358.0,2.4,79.7,4.7
48,calbee potato chips ,140,Snack,Snack,696,19.3,10.7,28.5,0.5,1.9,6.0,5.0,179,854.0,42.3,38.9,2.1
49,calbee jagariko ,130,Snack,Snack,70,28.5,9.8,38.8,3.5,14.3,44.5,0.9,197,983.0,55.5,266.6,3.2
50,cheeza crackers,180,Snack,Snack,216,31.5,38.9,77.0,0.5,9.1,29.7,7.5,87,1329.0,10.8,286.7,2.0
51,nikuman,180,Meal,Lunch,323,11.8,15.8,6.4,4.1,3.4,34.0,5.0,160,1807.0,34.1,258.6,1.4
52,anman,180,Meal,Snack,437,4.7,35.7,16.0,3.6,10.1,39.5,2.7,176,954.0,54.9,242.9,4.9
53,oden set,350,Meal,Dinner,650,8.7,25.3,9.4,0.5,9.3,24.9,1.1,28,1126.0,2.0,196.6,2.0
54,pizza bun,170,Meal,Lunch,365,15.5,31.8,8.9,0.5,5.4,4.3,6.4,62,1940.0,41.8,165.3,4.5
55,chicken karaage kun,220,Protein,Snack,63,28.8,20.2,86.3,4.9,1.7,26.9,5.0,149,1573.0,17.8,26.1,1.1
56,hash browns,130,Meal,Breakfast,291,30.3,23.1,71.8,1.9,10.1,29.3,4.3,153,1437.0,55.5,122.5,1.1
57,grilled sausage stick,150,Protein,Snack,395,1.2,19.8,50.0,1.9,7.8,37.3,7.2,155,1353.0,58.3,111.8,0.2
58,boiled egg,80,Protein,Breakfast,614,18.4,7.9,14.3,4.1,11.6,21.6,6.3,113,642.0,56.7,77.9,3.3
59,seasoned seaweed,100,Meal,Side,389,15.2,28.9,51.7,4.7,7.8,6.4,1.2,48,2156.0,28.5,217.0,1.8
60,miso soup,120,Meal,Side,141,8.6,11.3,50.0,4.9,12.8,14.2,2.5,198,177.0,51.7,148.8,4.3
61,corn potage soup,140,Meal,Breakfast,416,5.1,1.1,21.5,3.8,8.3,18.2,2.0,80,785.0,50.7,24.3,2.4
62,instant ramen  ,200,Meal,Lunch,504,12.5,25.9,46.2,1.9,8.4,32.3,6.0,83,570.0,19.1,66.1,4.8
63,instant ramen ,200,Meal,Lunch,477,33.1,7.2,42.9,0.5,13.1,28.5,0.3,104,286.0,49.7,205.0,0.9
64,instant udon,180,Grain,Lunch,558,12.0,37.6,63.5,3.9,6.1,17.8,4.6,176,1354.0,2.2,22.8,4.3
65,instant soba,180,Grain,Lunch,84,18.6,38.2,65.3,2.8,2.0,49.3,6.1,147,1831.0,35.8,255.4,3.9
66,onigiri variety pack ,600,Meal,Lunch,255,24.9,36.6,9.3,2.2,0.4,30.3,7.0,117,1351.0,13.8,148.5,3.9
67,bento combo set,850,Meal,Lunch,130,13.4,14.9,40.6,4.5,11.3,11.9,2.7,85,2101.0,7.2,144.2,4.2
68,frozen gyoza ,350,Meal,Dinner,611,34.0,0.7,64.5,0.6,9.3,5.1,6.6,62,491.0,4.6,177.7,3.8
69,taiyaki  ,160,Dessert,Snack,437,33.7,37.1,52.8,2.5,10.6,7.6,0.9,188,2126.0,41.8,247.4,3.1
70,custard taiyaki,160,Dessert,Snack,51,9.6,17.2,86.4,0.2,3.2,12.3,6.8,103,854.0,20.4,104.3,0.7
71,royce' chocolate,800,Beverage,Snack,439,17.9,38.7,67.6,2.4,2.0,8.0,1.0,48,124.0,43.5,203.4,0.2
72,shiroi koibito,1200,Meal,Snack,615,11.2,38.5,20.5,0.4,0.2,9.3,3.2,70,2225.0,3.9,169.7,4.6
73,tokyo banana,1000,Dessert,Snack,155,10.7,34.1,11.7,0.7,5.3,14.3,6.4,0,2139.0,18.9,80.1,3.1
74,sakura mochi,150,Dessert,Snack,526,2.3,11.8,66.0,0.7,8.8,8.7,1.2,140,1429.0,32.4,263.6,4.0
75,strawberry daifuku,170,Meal,Snack,752,21.7,15.5,7.5,3.3,5.9,44.8,1.8,178,90.0,47.4,239.2,2.4
76,matcha ice cream ,200,Dairy,Snack,451,18.1,34.1,60.6,3.8,6.6,4.0,5.8,122,2131.0,19.1,197.5,0.6
77,vanilla ice cream ,180,Dairy,Snack,779,2.8,12.7,94.3,3.0,13.6,26.2,5.8,183,1750.0,37.6,255.2,0.6
78,häagen dazs green tea,350,Beverage,Breakfast,605,10.5,6.9,59.7,4.8,5.2,20.5,5.1,61,1451.0,53.2,260.2,3.4
79,garigari kun soda,80,Meal,Snack,211,31.9,22.3,41.9,1.9,7.7,49.1,5.6,31,637.0,37.0,212.5,2.2
80,yakult ,250,Beverage,Breakfast,251,9.1,37.5,66.1,1.5,11.8,5.6,4.3,157,1672.0,14.0,251.1,1.0
81,meiji bulgaria yogurt ,130,Dairy,Breakfast,319,5.9,27.9,48.5,4.4,5.9,19.9,2.0,28,391.0,1.5,209.2,2.5
82,aloe yogurt,150,Dairy,Breakfast,320,17.6,22.8,56.8,1.2,9.3,48.5,2.8,48,2124.0,52.2,204.0,0.3
83,onsen tamago,90,Meal,Breakfast,505,34.5,4.0,94.4,4.8,12.9,43.3,1.5,172,695.0,1.3,185.6,2.9
84,tofu  ,100,Legume,Dinner,511,9.2,24.6,41.7,0.2,14.2,40.9,7.3,29,780.0,52.5,225.8,1.3
85,natto ,120,Legume,Breakfast,776,23.9,39.6,96.3,4.9,2.2,12.9,4.7,143,217.0,31.7,47.6,4.0
86,pickled radish,100,Meal,Side,301,26.9,5.7,91.0,0.3,13.9,8.5,3.2,167,659.0,56.3,264.3,1.6
87,edamame ,180,Legume,Side,751,9.1,20.8,23.6,4.5,7.4,33.4,3.7,18,2365.0,47.9,261.6,2.3
88,soba noodles  ,300,Grain,Lunch,345,25.8,35.1,11.6,2.7,3.9,46.5,7.6,17,1822.0,59.9,8.8,0.1
89,udon noodles  ,280,Grain,Lunch,774,13.5,29.7,14.6,5.0,6.9,27.8,1.2,0,2090.0,21.0,247.7,0.4
90,rice ,800,Grain,Lunch,769,22.5,27.9,6.7,0.5,14.7,28.6,4.7,77,504.0,46.0,38.7,2.0
91,bread crumbs,200,Grain,Breakfast,798,22.5,28.1,14.0,2.8,7.4,14.0,4.0,114,1758.0,24.1,100.5,2.4
92,tonkatsu sauce,250,Condiment,Side,387,19.2,14.4,69.9,4.8,4.9,38.5,4.9,174,751.0,28.8,223.1,3.0
93,soy sauce ,180,Condiment,Side,102,4.1,11.8,11.8,2.7,9.5,9.4,0.1,193,1649.0,37.7,48.2,1.5
94,mirin,200,Condiment,Side,266,29.4,32.4,35.3,3.2,3.6,16.2,7.0,112,179.0,52.4,245.4,3.5
95,cooking sake,220,Condiment,Side,237,11.9,32.4,85.3,3.5,1.1,21.3,7.5,113,1895.0,59.0,249.6,4.3
96,mayonnaise  ,200,Condiment,Side,429,7.3,34.7,7.2,2.3,1.9,25.4,4.5,165,1436.0,46.1,152.2,3.9
97,instant miso soup pack,250,Meal,Side,542,2.4,36.5,82.4,3.2,1.9,12.1,5.6,178,742.0,25.1,1.9,0.2
98,green tea bags ,400,Beverage,Breakfast,90,21.1,20.5,31.8,3.0,2.3,5.7,7.4,62,1444.0,25.3,86.1,2.4
99,coffee drip bags ,500,Beverage,Breakfast,206,24.0,20.1,16.2,4.5,2.1,30.5,5.7,131,843.0,44.3,185.1,0.5
100,disposable chopsticks ,150,Supplement,Any,64,1.6,32.0,71.2,0.3,9.6,14.4,1.2,128,78.0,14.3,294.4,1.2
101,paper plates ,200,Supplement,Any,114,18.4,26.0,64.7,1.5,2.7,29.1,4.6,7,198.0,6.6,189.5,4.9
102,tissues ,80,Supplement,Any,570,8.7,28.1,88.4,4.8,5.2,7.7,4.9,156,1369.0,21.3,77.9,0.7
103,lip balm,300,Supplement,Any,393,22.9,31.9,74.8,4.5,13.5,24.1,3.4,54,2108.0,17.2,190.2,2.5
104,hand cream,450,Supplement,Any,178,6.9,35.6,81.3,2.3,7.1,26.6,5.9,102,1186.0,17.8,162.0,3.1
105,phone charger cable,800,Supplement,Any,697,24.5,13.6,31.8,3.1,10.0,2.6,7.5,130,236.0,14.0,234.0,3.5
106,Scrambled Eggs (2 large),211,Protein,Breakfast,180,12.0,17.9,2.0,3.55,14.0,1.0,0.0,370,180.0,97.8,26.2,8.4
107,Whole Wheat Toast (1 slice),71,Grain,Breakfast,80,4.0,4.4,14.0,3.47,1.0,2.0,2.0,0,140.0,39.8,492.2,4.6
108,Coffee (black),405,Beverage,Breakfast,5,0.3,23.6,0.0,2.86,0.1,0.0,0.0,0,5.0,89.8,457.9,3.9
109,Banana,276,Fruit,Breakfast,105,1.3,8.7,27.0,4.07,0.4,14.0,3.1,0,1.0,64.5,158.5,6.8
110,Grilled Chicken Salad,213,Meal,Lunch,350,30.0,10.0,10.0,2.18,20.0,4.0,5.0,80,400.0,24.6,13.4,2.7
111,Apple,373,Fruit,Snack,95,0.5,5.4,25.0,0.58,0.3,19.0,4.4,0,2.0,11.3,61.1,1.8
112,Salmon (4oz grilled),344,Protein,Dinner,230,25.0,24.9,0.0,2.42,14.0,0.0,0.0,60,60.0,97.3,297.8,6.7
113,Quinoa (1 cup cooked),469,Grain,Dinner,222,8.0,9.6,39.0,0.77,3.6,1.0,5.0,0,13.0,31.8,174.9,11.1
114,Steamed Broccoli (1 cup),322,Vegetable,Dinner,55,3.7,23.1,11.2,4.23,0.6,2.0,5.1,0,40.0,8.0,467.6,8.5
115,Greek Yogurt (plain 1 cup),93,Dairy,Snack,150,25.0,10.2,8.0,3.84,3.0,7.0,0.0,10,85.0,46.1,475.2,10.9
116,Oatmeal (1 cup cooked),327,Grain,Breakfast,160,6.0,9.3,28.0,1.26,3.0,1.0,4.0,0,2.0,42.5,222.4,5.4
117,Blueberries (1/2 cup),142,Fruit,Breakfast,42,0.5,18.3,11.0,4.23,0.2,7.0,1.8,0,1.0,46.8,53.4,13.4
118,Almonds (1 oz),82,Nut,Snack,164,6.0,11.6,6.0,1.1,14.0,1.0,3.5,0,1.0,75.9,392.0,8.7
119,Turkey Sandwich (on wheat),247,Meal,Lunch,340,22.0,16.8,34.0,0.65,12.0,6.0,5.0,50,850.0,74.3,228.1,7.4
120,Carrot Sticks (1 cup),129,Vegetable,Snack,52,1.2,6.9,12.3,0.62,0.3,6.0,3.6,0,88.0,24.6,481.9,11.7
121,Spaghetti Bolognese,260,Meal,Dinner,460,20.0,18.4,55.0,3.05,18.0,10.0,6.0,50,700.0,45.6,210.8,3.4
122,Side Salad (light dressing),441,Vegetable,Dinner,70,2.0,4.6,8.0,1.65,4.0,3.0,3.0,0,150.0,85.3,345.6,14.2
123,Protein Shake (Whey),451,Supplement,Snack,120,24.0,4.8,3.0,3.97,1.0,2.0,1.0,5,160.0,42.7,492.2,1.9
124,Cereal (Frosted Flakes 1 cup),209,Grain,Breakfast,130,2.0,15.9,31.0,2.02,0.0,11.0,1.0,0,190.0,57.4,476.0,0.6
125,Milk (2%,437,Meal,Breakfast,122,8.0,23.5,12.0,1.78,5.0,12.0,0.0,20,100.0,13.8,211.3,4.1
126,Lentil Soup (1 can),452,Meal,Lunch,230,15.0,21.3,35.0,3.54,3.0,6.0,12.0,0,650.0,3.6,322.2,3.4
127,White Rice (1 cup cooked),457,Grain,Dinner,204,4.2,8.8,44.5,4.29,0.4,0.1,0.6,0,2.0,77.0,466.9,5.6
128,Tofu Stir-fry,135,Meal,Dinner,400,18.0,12.1,30.0,2.73,22.0,9.0,7.0,0,500.0,97.8,112.4,6.4
129,Orange,421,Fruit,Snack,62,1.2,12.8,15.4,2.85,0.2,12.0,3.1,0,0.0,9.8,494.3,14.8
130,Bagel (plain),148,Grain,Breakfast,270,11.0,18.3,55.0,4.78,1.5,5.0,2.0,0,430.0,46.8,35.5,2.1
131,Cream Cheese (2 tbsp),391,Dairy,Breakfast,100,2.0,8.8,2.0,0.69,10.0,1.0,0.0,30,90.0,28.6,144.1,4.9
132,Tuna Salad (1/2 cup),67,Meal,Lunch,190,19.0,8.0,2.0,1.95,12.0,1.0,1.0,30,400.0,84.6,275.8,9.0
133,Crackers (5 whole wheat),459,Grain,Lunch,90,2.0,14.3,14.0,1.7,3.0,0.0,2.0,0,180.0,20.1,449.9,0.8
134,Beef Steak (6oz sirloin),345,Protein,Dinner,270,42.0,24.8,0.0,1.25,10.0,0.0,0.0,115,90.0,93.1,78.9,12.0
135,Baked Potato (medium),427,Vegetable,Dinner,160,4.3,1.4,36.0,0.36,0.2,1.0,3.8,0,17.0,66.9,489.0,12.1
136,Ice Cream (1/2 cup vanilla),451,Dairy,Snack,145,2.5,19.2,17.0,2.57,7.5,16.0,0.5,30,55.0,72.3,454.6,10.0
137,Pizza (1 slice pepperoni),77,Meal,Dinner,290,12.0,3.0,34.0,0.91,12.0,4.0,2.0,35,720.0,65.9,310.4,1.1
138,Avocado Toast (1 slice),206,Meal,Breakfast,260,7.0,2.3,28.0,3.12,15.0,1.0,10.0,0,350.0,72.5,425.6,5.5
139,Hard-Boiled Egg (1 large),108,Protein,Snack,78,6.3,9.9,0.6,3.19,5.3,0.5,0.0,187,62.0,49.8,143.3,4.3
140,Chicken Wrap (with tortilla),428,Meal,Lunch,410,25.0,18.8,38.0,3.35,17.0,3.0,5.0,60,780.0,88.2,15.0,10.6
141,Grapes (1 cup),290,Fruit,Snack,104,1.1,6.3,27.0,2.14,0.2,23.0,1.4,0,3.0,50.6,230.0,6.2
142,Cottage Cheese (1/2 cup),410,Dairy,Snack,90,12.0,22.1,5.0,2.18,3.0,4.0,0.0,10,400.0,57.3,492.5,0.1
143,Burger (cheeseburger),172,Meal,Dinner,550,30.0,1.2,40.0,3.41,30.0,7.0,3.0,90,1100.0,73.3,456.5,2.5
144,French Fries (medium),163,Vegetable,Dinner,340,4.0,7.9,44.0,0.22,17.0,0.3,4.0,0,230.0,13.2,35.3,11.8
145,Protein Bar,202,Supplement,Snack,210,20.0,9.1,22.0,2.94,7.0,1.0,6.0,5,180.0,48.0,2.8,11.6
146,Black Beans (1/2 cup),148,Legume,Lunch,114,7.6,18.8,20.4,1.41,0.5,0.3,7.5,0,1.0,78.7,238.6,2.6
147,Salsa (1/4 cup),418,Vegetable,Lunch,20,0.8,24.1,4.5,4.57,0.1,3.0,1.0,0,250.0,49.6,209.9,12.5
148,Chicken Noodle Soup (1 can),324,Meal,Lunch,150,7.0,14.4,18.0,3.14,5.0,2.0,2.0,15,890.0,89.6,172.2,2.1
149,Peanut Butter (2 tbsp),299,Nut,Snack,190,7.0,20.6,8.0,1.88,16.0,3.0,2.0,0,140.0,62.6,357.4,0.3
150,Celery Sticks (1 cup),67,Vegetable,Snack,14,0.6,21.4,3.0,4.06,0.2,1.2,1.4,0,77.0,96.5,301.6,6.1
151,Cod (4oz baked),452,Protein,Dinner,95,20.0,8.2,0.0,3.38,0.8,0.0,0.0,55,95.0,25.5,494.7,5.9
152,Green Beans (1 cup),468,Vegetable,Dinner,31,1.8,18.0,7.0,2.11,0.2,3.3,2.7,0,6.0,35.4,279.2,11.6
153,Chocolate Chip Cookie (1 large),426,Dessert,Snack,220,2.5,22.1,30.0,1.89,11.0,19.0,1.5,20,160.0,35.4,329.3,7.6
154,Shrimp (3oz steamed),372,Protein,Dinner,84,20.0,22.3,0.2,1.72,0.2,0.0,0.0,161,100.0,14.4,193.2,1.0
155,Pancakes (2 medium),289,Grain,Breakfast,180,5.0,12.6,30.0,4.92,5.0,6.0,1.0,25,450.0,66.4,159.6,1.6
156,Maple Syrup (2 tbsp),70,Condiment,Breakfast,104,0.0,7.1,27.0,0.93,0.0,24.0,0.0,0,2.0,5.1,253.0,8.0
157,Sausage Link (1 cooked),453,Protein,Breakfast,85,5.0,3.8,1.0,2.37,7.0,0.5,0.0,20,300.0,42.3,102.8,13.7
158,Smoothie (Fruit & Yogurt),236,Beverage,Breakfast,280,12.0,11.5,55.0,2.12,3.0,40.0,7.0,5,70.0,42.7,157.2,0.3
159,Tofu (4oz firm),424,Protein,Lunch,90,10.0,14.4,3.0,4.51,5.0,1.0,2.0,0,10.0,63.6,407.2,5.8
160,Brown Rice (1 cup cooked),59,Grain,Lunch,215,5.0,23.3,45.0,3.64,1.8,0.4,3.5,0,10.0,70.0,95.4,6.3
161,Bell Pepper (1 medium red),377,Vegetable,Lunch,31,1.2,18.9,6.0,3.08,0.3,4.2,2.1,0,4.0,78.3,54.8,7.6
162,Hummus (2 tbsp),397,Legume,Snack,70,2.0,14.7,4.0,4.03,5.0,0.0,2.0,0,130.0,34.9,169.4,1.5
163,Pita Bread (1 whole wheat),273,Grain,Snack,170,6.0,6.8,35.0,1.47,1.5,2.0,5.0,0,320.0,72.6,482.0,11.4
164,Pork Chop (4oz grilled),413,Protein,Dinner,220,30.0,2.6,0.0,3.17,10.0,0.0,0.0,85,70.0,35.5,112.5,3.9
165,Mashed Potatoes (1 cup),122,Vegetable,Dinner,230,4.0,8.0,35.0,0.32,8.0,2.0,3.0,15,350.0,8.3,206.9,7.0
166,Corn (1 cup),387,Vegetable,Dinner,132,4.7,20.1,30.0,2.61,1.8,8.9,3.6,0,2.0,30.6,194.5,10.7
167,Soda (1 can Coke),264,Beverage,Snack,140,0.0,24.9,39.0,4.54,0.0,39.0,0.0,0,45.0,43.5,258.7,6.6
168,Pretzels (1 oz),446,Grain,Snack,110,3.0,13.8,23.0,4.77,1.0,1.0,1.0,0,450.0,93.5,394.5,4.3
169,Cheddar Cheese (1 oz),328,Dairy,Snack,115,7.0,24.8,1.0,0.01,9.5,0.5,0.0,30,180.0,6.9,14.7,6.1
170,Caesar Salad (with chicken),82,Meal,Lunch,470,30.0,0.2,15.0,4.59,30.0,3.0,3.0,75,890.0,5.8,36.0,1.1
171,Orange Juice (1 cup),427,Beverage,Breakfast,112,1.7,13.6,25.8,2.68,0.5,20.8,0.7,0,2.0,11.1,187.4,3.1
172,Bacon (2 slices cooked),294,Protein,Breakfast,86,6.0,6.5,0.2,4.73,6.8,0.1,0.0,18,330.0,14.2,475.7,0.5
173,Waffles (2 homemade),91,Grain,Breakfast,220,6.0,1.7,28.0,2.38,9.0,3.0,1.5,45,420.0,2.8,12.3,8.6
174,Pear,373,Fruit,Snack,101,0.6,22.6,27.0,0.06,0.2,16.0,5.5,0,2.0,63.2,82.4,0.2
175,Chicken Breast (4oz roasted),466,Protein,Lunch,185,35.0,24.2,0.0,2.0,4.0,0.0,0.0,95,80.0,73.3,352.8,14.9
176,Mixed Nuts (1/4 cup),206,Nut,Snack,200,6.0,2.4,8.0,4.05,18.0,2.0,3.0,0,1.0,86.4,5.1,1.8
177,Tilapia (4oz baked),198,Protein,Dinner,110,22.0,21.3,0.0,2.34,2.5,0.0,0.0,50,50.0,83.4,190.6,1.3
178,Asparagus (1 cup steamed),128,Vegetable,Dinner,40,4.3,6.1,7.4,0.15,0.4,3.5,3.6,0,4.0,86.7,107.6,8.8
179,Sweet Potato (1 medium baked),383,Vegetable,Dinner,103,2.3,23.2,23.6,3.69,0.2,7.4,3.8,0,41.0,35.2,92.6,11.3
180,Popcorn (3 cups air-popped),154,Grain,Snack,93,3.0,6.9,18.6,1.7,1.1,0.1,3.6,0,2.0,12.0,83.1,8.8
181,Raisins (1/4 cup),360,Fruit,Snack,130,1.3,16.8,34.0,4.3,0.2,25.0,1.6,0,5.0,43.2,7.3,7.9
182,Macaroni & Cheese (1 cup),313,Meal,Lunch,350,10.0,0.9,40.0,3.46,17.0,5.0,2.0,40,750.0,88.7,265.6,14.1
183,Tomato Soup (1 can),493,Meal,Lunch,170,4.0,7.4,25.0,3.24,6.0,15.0,4.0,10,900.0,36.3,276.9,0.1
184,Grilled Cheese Sandwich,336,Meal,Lunch,390,15.0,20.8,32.0,3.1,22.0,4.0,3.0,60,800.0,61.7,40.6,9.2
185,Beef Tacos (2 hard shell),347,Protein,Dinner,380,18.0,19.0,28.0,3.91,22.0,3.0,5.0,50,600.0,53.1,376.5,14.2
186,Refried Beans (1/2 cup),497,Legume,Dinner,115,7.0,23.7,19.0,4.87,1.0,1.0,6.0,0,480.0,10.4,262.8,6.7
187,Guacamole (1/4 cup),415,Vegetable,Dinner,90,1.0,5.1,4.0,1.72,8.0,0.5,3.0,0,120.0,18.0,294.5,7.0
188,Watermelon (1 cup diced),128,Fruit,Snack,46,0.9,4.3,11.5,1.52,0.2,9.4,0.6,0,2.0,74.7,424.3,4.2
189,English Muffin (whole wheat),485,Grain,Breakfast,134,6.0,3.3,26.0,3.34,1.0,1.0,4.4,0,210.0,13.7,254.0,9.7
190,Peanut Butter & Jelly Sandwich,231,Meal,Lunch,390,12.0,22.8,50.0,1.48,17.0,20.0,5.0,0,450.0,37.6,17.2,2.5
191,Clam Chowder (1 cup),430,Meal,Lunch,200,10.0,23.3,18.0,1.94,9.0,2.0,1.0,30,870.0,20.9,497.8,0.5
192,Iced Tea (Sweetened 16oz),234,Beverage,Snack,180,0.0,3.4,46.0,0.25,0.0,46.0,0.0,0,15.0,82.1,78.8,14.9
193,Lasagna (1 serving meat),74,Meal,Dinner,350,20.0,22.8,30.0,2.59,17.0,7.0,4.0,55,850.0,16.1,348.2,1.6
194,Garlic Bread (1 slice),58,Grain,Dinner,150,4.0,22.9,18.0,2.08,7.0,1.0,1.0,0,310.0,91.5,124.1,3.3
195,Chocolate Milk (1 cup),203,Beverage,Snack,200,8.0,9.9,26.0,3.08,8.0,24.0,1.0,30,160.0,99.2,183.9,8.3
196,White Bread (1 slice),129,Grain,Breakfast,70,2.0,5.9,13.0,4.3,1.0,1.2,0.6,0,140.0,36.9,419.7,11.5
197,Jelly (1 tbsp grape),329,Condiment,Breakfast,50,0.0,22.4,13.0,2.96,0.0,12.0,0.1,0,5.0,58.7,41.7,5.7
198,Veggie Burger (1 patty),480,Protein,Lunch,120,11.0,16.6,10.0,3.53,4.0,1.0,5.0,0,350.0,93.2,499.5,10.0
199,Bun (hamburger),269,Grain,Lunch,140,4.0,24.9,26.0,4.1,2.0,4.0,1.0,0,260.0,53.9,217.1,12.2
200,Ketchup (1 tbsp),432,Condiment,Lunch,20,0.2,12.6,5.0,1.63,0.1,4.0,0.2,0,160.0,65.0,472.9,0.1
201,Muffin (Blueberry 1 large),188,Grain,Breakfast,380,5.0,21.5,55.0,3.28,16.0,30.0,2.0,50,350.0,52.5,13.3,8.1
202,Coffee (with cream/sugar),490,Beverage,Breakfast,50,0.5,22.3,5.0,3.59,3.0,4.5,0.0,10,10.0,88.1,472.5,4.5
203,Potato Chips (1 oz),199,Snack,Snack,160,2.0,24.9,15.0,0.13,10.0,0.5,1.0,0,170.0,0.1,342.3,2.4
204,Tzatziki Sauce (2 tbsp),369,Condiment,Dinner,30,1.5,0.4,2.0,3.79,2.0,1.5,0.0,5,100.0,70.0,29.8,2.5
205,Pancakes (2 medium),370,Grain,Breakfast,180,5.0,4.9,30.0,3.59,5.0,6.0,1.0,25,450.0,99.8,37.9,3.9
206,Maple Syrup (2 tbsp),415,Condiment,Breakfast,104,0.0,0.8,27.0,3.03,0.0,24.0,0.0,0,2.0,26.0,463.1,8.4
207,Sausage Link (1 cooked),179,Protein,Breakfast,85,5.0,14.4,1.0,3.24,7.0,0.5,0.0,20,300.0,73.4,169.1,3.9
208,Smoothie (Fruit & Yogurt),74,Beverage,Breakfast,280,12.0,19.7,55.0,3.31,3.0,40.0,7.0,5,70.0,60.0,472.1,13.7
209,Tofu (4oz firm),430,Protein,Lunch,90,10.0,20.7,3.0,0.73,5.0,1.0,2.0,0,10.0,98.8,397.6,3.3
210,Brown Rice (1 cup cooked),102,Grain,Lunch,215,5.0,8.6,45.0,2.47,1.8,0.4,3.5,0,10.0,12.0,167.9,13.6
211,Bell Pepper (1 medium red),384,Vegetable,Lunch,31,1.2,13.9,6.0,4.47,0.3,4.2,2.1,0,4.0,19.6,338.4,8.6
212,Hummus (2 tbsp),456,Legume,Snack,70,2.0,1.6,4.0,2.79,5.0,0.0,2.0,0,130.0,22.1,105.4,7.0
213,Pita Bread (1 whole wheat),166,Grain,Snack,170,6.0,17.5,35.0,2.54,1.5,2.0,5.0,0,320.0,13.3,116.8,8.9
214,Pork Chop (4oz grilled),332,Protein,Dinner,220,30.0,8.9,0.0,3.15,10.0,0.0,0.0,85,70.0,79.5,38.8,5.6
215,Mashed Potatoes (1 cup),97,Vegetable,Dinner,230,4.0,23.1,35.0,3.78,8.0,2.0,3.0,15,350.0,95.4,476.6,11.1
216,Corn (1 cup),366,Vegetable,Dinner,132,4.7,18.4,30.0,2.74,1.8,8.9,3.6,0,2.0,49.2,5.1,0.7
217,Soda (1 can Coke),68,Beverage,Snack,140,0.0,10.2,39.0,4.8,0.0,39.0,0.0,0,45.0,61.7,273.2,10.0
218,Pretzels (1 oz),389,Grain,Snack,110,3.0,22.2,23.0,1.02,1.0,1.0,1.0,0,450.0,83.4,281.1,10.4
219,Cheddar Cheese (1 oz),181,Dairy,Snack,115,7.0,3.1,1.0,3.48,9.5,0.5,0.0,30,180.0,31.6,155.5,2.9
220,Caesar Salad (with chicken),70,Meal,Lunch,470,30.0,20.1,15.0,0.46,30.0,3.0,3.0,75,890.0,21.7,345.3,11.1
221,Orange Juice (1 cup),474,Beverage,Breakfast,112,1.7,10.4,25.8,0.59,0.5,20.8,0.7,0,2.0,70.2,241.5,11.1
222,Bacon (2 slices cooked),342,Protein,Breakfast,86,6.0,21.7,0.2,2.3,6.8,0.1,0.0,18,330.0,4.0,61.9,2.1
223,Waffles (2 homemade),379,Grain,Breakfast,220,6.0,20.3,28.0,0.98,9.0,3.0,1.5,45,420.0,86.1,90.4,12.4
224,Pear,111,Fruit,Snack,101,0.6,15.5,27.0,1.67,0.2,16.0,5.5,0,2.0,92.9,260.9,7.0
225,Chicken Breast (4oz roasted),204,Protein,Lunch,185,35.0,18.2,0.0,3.57,4.0,0.0,0.0,95,80.0,83.1,167.4,1.0
226,Mixed Nuts (1/4 cup),126,Nut,Snack,200,6.0,5.0,8.0,4.65,18.0,2.0,3.0,0,1.0,32.9,32.9,3.1
227,Tilapia (4oz baked),300,Protein,Dinner,110,22.0,0.1,0.0,1.51,2.5,0.0,0.0,50,50.0,7.1,248.4,10.2
228,Asparagus (1 cup steamed),415,Vegetable,Dinner,40,4.3,3.4,7.4,4.85,0.4,3.5,3.6,0,4.0,64.3,419.7,2.7
229,Sweet Potato (1 medium baked),294,Vegetable,Dinner,103,2.3,19.9,23.6,0.79,0.2,7.4,3.8,0,41.0,44.4,70.9,3.0
230,Popcorn (3 cups air-popped),459,Grain,Snack,93,3.0,14.3,18.6,3.85,1.1,0.1,3.6,0,2.0,4.4,413.0,14.0
231,Raisins (1/4 cup),353,Fruit,Snack,130,1.3,24.6,34.0,0.26,0.2,25.0,1.6,0,5.0,68.8,317.1,0.2
232,Macaroni & Cheese (1 cup),192,Meal,Lunch,350,10.0,9.4,40.0,0.2,17.0,5.0,2.0,40,750.0,87.6,48.1,12.7
233,Tomato Soup (1 can),427,Meal,Lunch,170,4.0,7.7,25.0,4.97,6.0,15.0,4.0,10,900.0,29.0,178.1,5.0
234,Grilled Cheese Sandwich,101,Meal,Lunch,390,15.0,9.3,32.0,3.28,22.0,4.0,3.0,60,800.0,91.6,144.8,2.4
235,Beef Tacos (2 hard shell),340,Protein,Dinner,380,18.0,9.3,28.0,1.88,22.0,3.0,5.0,50,600.0,30.7,311.9,12.2
236,Refried Beans (1/2 cup),234,Legume,Dinner,115,7.0,5.1,19.0,2.11,1.0,1.0,6.0,0,480.0,11.8,226.0,9.2
237,Guacamole (1/4 cup),408,Vegetable,Dinner,90,1.0,16.5,4.0,0.27,8.0,0.5,3.0,0,120.0,44.1,136.1,13.7
238,Watermelon (1 cup diced),89,Fruit,Snack,46,0.9,0.8,11.5,3.2,0.2,9.4,0.6,0,2.0,49.5,323.3,14.5
239,English Muffin (whole wheat),351,Grain,Breakfast,134,6.0,19.9,26.0,1.56,1.0,1.0,4.4,0,210.0,20.7,62.4,11.8
240,Peanut Butter & Jelly Sandwich,399,Meal,Lunch,390,12.0,7.8,50.0,4.26,17.0,20.0,5.0,0,450.0,24.4,77.1,1.7
241,Clam Chowder (1 cup),489,Meal,Lunch,200,10.0,5.3,18.0,1.5,9.0,2.0,1.0,30,870.0,81.5,175.7,4.2
242,Iced Tea (Sweetened 16oz),109,Beverage,Snack,180,0.0,3.5,46.0,4.06,0.0,46.0,0.0,0,15.0,40.3,75.3,3.8
243,Lasagna (1 serving meat),76,Meal,Dinner,350,20.0,4.6,30.0,3.78,17.0,7.0,4.0,55,850.0,72.0,65.0,12.9
244,Garlic Bread (1 slice),374,Grain,Dinner,150,4.0,17.2,18.0,1.02,7.0,1.0,1.0,0,310.0,13.5,318.3,1.6
245,Chocolate Milk (1 cup),109,Beverage,Snack,200,8.0,3.7,26.0,3.64,8.0,24.0,1.0,30,160.0,59.9,426.0,0.6
246,White Bread (1 slice),341,Grain,Breakfast,70,2.0,17.4,13.0,1.44,1.0,1.2,0.6,0,140.0,15.6,372.9,12.0
247,Jelly (1 tbsp grape),254,Condiment,Breakfast,50,0.0,16.3,13.0,1.48,0.0,12.0,0.1,0,5.0,49.6,493.5,6.0
248,Veggie Burger (1 patty),94,Protein,Lunch,120,11.0,14.1,10.0,0.17,4.0,1.0,5.0,0,350.0,94.4,300.3,12.0
249,Bun (hamburger),178,Grain,Lunch,140,4.0,10.7,26.0,0.01,2.0,4.0,1.0,0,260.0,58.7,181.9,14.7
250,Ketchup (1 tbsp),174,Condiment,Lunch,20,0.2,4.4,5.0,2.11,0.1,4.0,0.2,0,160.0,90.3,438.8,1.9
251,Muffin (Blueberry 1 large),195,Grain,Breakfast,380,5.0,22.3,55.0,2.17,16.0,30.0,2.0,50,350.0,85.7,118.2,1.3
252,Coffee (with cream/sugar),187,Beverage,Breakfast,50,0.5,2.2,5.0,2.21,3.0,4.5,0.0,10,10.0,38.1,386.6,11.3
253,Potato Chips (1 oz),373,Snack,Snack,160,2.0,8.9,15.0,2.75,10.0,0.5,1.0,0,170.0,13.4,320.2,0.6
254,Tzatziki Sauce (2 tbsp),198,Condiment,Dinner,30,1.5,9.4,2.0,2.99,2.0,1.5,0.0,5,100.0,56.4,78.1,12.7
255,Scallops (3oz seared),251,Protein,Dinner,95,17.0,4.8,5.0,4.72,1.0,0.0,0.0,35,180.0,13.4,315.2,8.8
256,Risotto (Mushroom 1 cup),319,Meal,Dinner,250,7.0,18.1,35.0,0.78,9.0,3.0,3.0,20,600.0,53.1,497.7,6.8
257,Caprese Salad,80,Meal,Lunch,240,10.0,22.5,8.0,2.97,18.0,5.0,2.0,40,350.0,96.8,478.6,13.7
258,Balsamic Vinaigrette (2 tbsp),102,Condiment,Lunch,90,0.0,2.8,3.0,1.51,9.0,2.5,0.0,0,300.0,23.5,474.7,5.4
259,Cherries (1 cup),233,Fruit,Snack,77,1.6,11.3,19.0,2.06,0.5,15.0,2.5,0,0.0,26.4,491.7,12.4
260,Turkey Bacon (2 slices),132,Protein,Breakfast,70,6.0,7.9,1.0,3.54,5.0,0.5,0.0,30,360.0,34.5,29.8,8.9
261,Grits (1 cup cooked),136,Grain,Breakfast,150,3.0,1.3,32.0,2.6,1.0,0.5,2.0,0,320.0,21.4,345.4,7.8
262,Butter (1 tbsp),166,Condiment,Breakfast,100,0.1,3.0,0.0,4.54,11.0,0.0,0.0,30,82.0,94.9,132.4,4.8
263,Meatball Sub (6 inch),359,Meal,Lunch,580,28.0,4.9,55.0,1.6,27.0,10.0,6.0,70,1200.0,61.9,255.2,1.5
264,Kiwifruit (1 medium),375,Fruit,Snack,46,0.9,5.1,11.1,2.48,0.4,6.7,2.3,0,2.0,16.2,200.6,6.0
265,Beef Jerky (1 oz),352,Snack,Snack,116,9.4,19.1,3.1,0.52,7.2,2.5,0.5,30,590.0,61.1,333.3,12.5
266,Figs (2 medium),144,Fruit,Snack,74,0.6,7.0,19.2,4.32,0.3,16.2,2.9,0,2.0,75.1,321.9,5.6
267,Lobster (3oz steamed),171,Protein,Dinner,76,16.0,15.5,0.0,4.95,0.7,0.0,0.0,125,250.0,74.9,422.4,12.0
268,Melted Butter (for lobster),376,Condiment,Dinner,200,0.2,17.3,0.0,4.28,22.0,0.0,0.0,60,164.0,44.4,263.1,12.7
269,Corn on the Cob (1 large),153,Vegetable,Dinner,125,5.0,14.7,29.0,4.48,1.5,5.0,3.0,0,2.0,32.3,139.0,6.1
270,Vegetable Soup (1 can),412,Meal,Lunch,140,4.0,4.5,22.0,2.4,4.0,8.0,6.0,5,780.0,60.9,396.6,4.7
271,Saltine Crackers (5 crackers),203,Grain,Lunch,60,1.0,16.4,10.0,1.83,1.5,0.0,0.5,0,140.0,69.2,205.7,11.8
272,Mango (1 cup slices),249,Fruit,Snack,99,1.4,18.8,24.7,0.85,0.6,22.5,2.6,0,2.0,80.7,330.4,8.7
273,Cheesecake (1 slice),62,Dessert,Snack,320,5.0,20.0,28.0,3.41,21.0,20.0,1.0,65,280.0,88.5,243.1,7.2
274,Pad Thai (Chicken 1.5 cups),311,Meal,Dinner,550,25.0,9.2,60.0,0.03,22.0,10.0,5.0,70,950.0,93.9,199.7,13.4
275,Spring Roll (Veg 2 rolls),300,Snack,Dinner,180,4.0,2.7,25.0,4.22,7.0,3.0,3.0,0,450.0,46.4,50.6,3.7
276,Coconut Water (1 cup),199,Beverage,Snack,46,1.7,17.1,8.9,2.65,0.5,6.3,2.6,0,252.0,75.8,497.1,8.0
277,Kimchi (1/2 cup),141,Vegetable,Side,22,1.7,22.7,4.0,2.75,0.4,1.5,2.4,0,750.0,1.2,392.2,12.2
278,Sashimi (Salmon 3 pcs),111,Protein,Lunch,120,18.0,23.0,0.0,1.31,5.0,0.0,0.0,40,45.0,89.4,454.1,12.7
279,Wasabi (1 tsp),220,Condiment,Lunch,10,0.1,20.0,2.2,0.51,0.1,1.0,0.3,0,40.0,37.4,485.2,6.0
280,Seaweed Salad (1/2 cup),398,Vegetable,Lunch,60,2.0,4.4,8.0,2.95,3.0,4.0,2.0,0,350.0,5.6,94.3,7.5
281,French Onion Soup (1 cup),166,Meal,Lunch,150,6.0,13.4,15.0,0.97,7.0,5.0,2.0,20,800.0,42.6,336.4,12.0
282,Croutons (1/4 cup),224,Grain,Lunch,50,1.5,13.9,7.0,0.96,2.0,0.5,0.5,0,140.0,20.6,410.5,3.9
283,Shepherd's Pie (1 serving),293,Protein,Dinner,400,20.0,2.6,35.0,0.23,20.0,7.0,6.0,55,850.0,14.5,195.3,8.8
284,Green Peas (1/2 cup),128,Legume,Dinner,62,4.1,1.9,11.1,0.33,0.2,4.2,4.4,0,2.0,66.8,13.7,9.1
285,Apple Pie (1 slice),142,Dessert,Snack,410,3.0,14.8,58.0,4.62,19.0,25.0,3.0,0,320.0,75.1,15.4,8.9
286,Gin & Tonic (1 drink),411,Beverage,Snack,170,0.0,23.1,13.0,3.52,0.0,13.0,0.0,0,2.0,13.2,95.3,11.8
287,Red Wine (5 oz glass),361,Beverage,Dinner,125,0.1,6.8,3.8,2.04,0.0,0.9,0.0,0,6.0,42.4,163.4,2.3
288,Halibut (4oz baked),59,Protein,Dinner,125,24.0,20.0,0.0,1.45,2.5,0.0,0.0,40,60.0,68.7,280.0,13.9
289,Quinoa Salad (1 cup),422,Meal,Lunch,260,9.0,19.9,32.0,0.54,12.0,4.0,6.0,0,300.0,53.1,58.2,7.8
290,Lemonade (1 cup),125,Beverage,Snack,99,0.1,5.8,26.0,3.12,0.0,25.0,0.1,0,30.0,64.1,329.6,9.9
291,Pistachios (1 oz shelled),274,Nut,Snack,159,5.7,3.2,7.7,0.29,12.8,2.2,3.0,0,2.0,72.2,359.2,9.6
292,Oat Milk (1 cup),355,Beverage,Breakfast,120,3.0,3.4,16.0,2.6,5.0,7.0,2.0,0,100.0,27.9,264.2,9.4
293,Biscuits and Gravy (1 serving),437,Meal,Breakfast,480,10.0,16.3,45.0,0.11,28.0,3.0,2.0,35,1100.0,73.1,228.9,13.0
294,Avocado (1/2 fruit),332,Fruit,Breakfast,160,2.0,22.9,8.5,1.95,14.7,0.7,6.7,0,7.0,70.6,265.1,0.4
295,Corn Flakes (1 cup),209,Grain,Breakfast,100,2.0,3.7,24.0,2.2,0.0,3.0,1.0,0,200.0,30.5,278.5,13.0
296,T-Bone Steak (6oz),144,Protein,Dinner,460,38.0,24.6,0.0,2.2,33.0,0.0,0.0,105,110.0,80.1,43.9,10.9
297,Creamed Spinach (1/2 cup),284,Vegetable,Dinner,190,5.0,19.0,8.0,1.19,16.0,2.0,3.0,50,450.0,76.7,447.9,1.0
298,Pecans (1 oz),214,Nut,Snack,196,2.6,14.7,3.9,4.9,20.4,1.1,2.7,0,0.0,51.3,61.3,7.9
299,Fruit Cocktail (canned 1 cup),270,Fruit,Snack,110,1.0,11.8,28.0,2.43,0.0,26.0,2.0,0,10.0,77.4,60.4,13.6
300,Ramen (Instant 1 pack),300,Meal,Lunch,380,9.0,24.9,53.0,2.68,14.0,2.0,2.0,0,1580.0,52.1,397.5,13.2
301,Mocha Latte (16oz),453,Beverage,Snack,360,12.0,6.5,48.0,1.25,15.0,42.0,2.0,45,150.0,80.4,446.2,6.1
302,Cucumber Slices (1 cup),348,Vegetable,Snack,16,0.7,10.3,3.6,0.51,0.1,1.7,0.5,0,2.0,65.4,443.5,7.2
303,Feta Cheese (1 oz),166,Dairy,Lunch,75,4.0,4.1,1.2,1.97,6.1,0.7,0.0,25,316.0,25.3,354.6,4.4
304,Olives (Kalamata 5 large),340,Fruit,Lunch,35,0.2,24.2,1.0,3.3,3.5,0.0,0.5,0,210.0,24.8,89.3,10.6
305,Chicken Alfredo (1.5 cups),139,Meal,Dinner,680,35.0,14.6,45.0,3.65,38.0,5.0,4.0,120,980.0,59.5,162.0,9.4
306,Breadstick (1 large),417,Grain,Dinner,160,4.0,18.5,28.0,4.75,3.0,2.0,1.0,0,350.0,96.2,200.7,10.9
307,Cobb Salad,240,Meal,Lunch,510,30.0,9.5,12.0,3.27,38.0,6.0,7.0,210,800.0,25.1,416.1,2.4
308,Blue Cheese Dressing (2 tbsp),183,Condiment,Lunch,150,1.0,23.4,2.0,3.64,16.0,1.0,0.0,10,320.0,85.1,229.6,14.8
309,Mandarin Orange (1 medium),296,Fruit,Snack,37,0.6,15.9,9.3,4.15,0.2,7.3,1.3,0,1.0,59.9,382.3,2.5
310,Cashews (1 oz roasted),54,Nut,Snack,163,4.3,9.7,9.2,2.53,13.1,1.4,0.9,0,140.0,67.5,265.0,6.5
311,Eggo Waffle (2 waffles),191,Grain,Breakfast,180,4.0,21.9,30.0,1.4,5.0,4.0,1.0,0,400.0,36.2,466.1,12.4
312,Diet Soda (1 can),170,Beverage,Lunch,0,0.0,2.4,0.0,2.35,0.0,0.0,0.0,0,40.0,52.2,312.2,4.4
313,Pulled Pork Sandwich,395,Protein,Lunch,480,25.0,7.5,48.0,1.14,20.0,15.0,3.0,75,900.0,80.8,323.1,4.3
314,Macadamia Nuts (1 oz),108,Nut,Snack,204,2.2,20.8,3.9,1.67,21.5,1.3,2.4,0,1.0,47.5,31.0,3.2
315,Crab Cakes (2 medium),463,Meal,Dinner,340,20.0,18.5,18.0,1.43,20.0,2.0,1.0,120,700.0,45.3,436.8,14.9
316,Tartar Sauce (2 tbsp),332,Condiment,Dinner,60,0.2,9.6,2.0,1.24,5.5,1.5,0.1,5,180.0,51.9,376.5,2.7
317,Lemon Bar (1 square),100,Dessert,Snack,150,1.5,16.3,22.0,0.36,6.0,15.0,0.5,30,80.0,68.5,283.1,3.6
318,Almond Milk (Unsweetened 1 cup),221,Beverage,Breakfast,30,1.0,20.3,1.0,1.09,2.5,0.0,1.0,0,160.0,63.1,388.2,1.4
319,Rice Krispies (1.5 cups),480,Grain,Breakfast,160,3.0,24.6,37.0,2.97,0.5,4.0,0.5,0,290.0,33.2,139.1,4.5
320,Sugar (1 tsp for cereal),121,Condiment,Breakfast,16,0.0,24.0,4.0,0.67,0.0,4.0,0.0,0,0.0,40.2,222.7,6.1
321,Tuna (Canned 3oz in water),161,Protein,Lunch,90,20.0,6.8,0.0,3.69,1.0,0.0,0.0,35,250.0,96.0,83.7,1.7
322,Mayonnaise (1 tbsp),197,Condiment,Lunch,90,0.1,1.1,0.1,4.43,10.0,0.1,0.0,5,70.0,63.2,357.3,0.1
323,Pickle (1 spear dill),271,Vegetable,Lunch,5,0.2,4.9,1.0,4.46,0.1,0.5,0.3,0,300.0,78.4,138.1,5.2
324,Lobster Bisque (1 cup),354,Meal,Lunch,250,8.0,12.8,12.0,1.78,18.0,3.0,1.0,50,850.0,56.5,348.4,13.3
325,Reuben Sandwich,499,Meal,Lunch,650,28.0,13.4,35.0,3.62,40.0,6.0,5.0,100,1500.0,49.3,94.5,12.2
326,Sauerkraut (1/4 cup side),61,Vegetable,Lunch,7,0.3,17.6,1.5,3.0,0.0,0.6,1.0,0,234.0,46.8,371.0,2.3
327,Mushroom (White 1 cup sliced),55,Vegetable,Dinner,15,2.2,4.0,2.3,3.54,0.2,1.4,0.7,0,4.0,89.7,361.9,14.5
328,Soy Milk (Original 1 cup),218,Beverage,Breakfast,110,8.0,12.4,9.0,3.89,4.5,6.0,2.0,0,125.0,38.1,484.3,10.2
329,Chicken Tikka Masala (1.5 cups),135,Protein,Dinner,480,30.0,20.0,20.0,0.05,30.0,8.0,5.0,95,900.0,76.7,244.0,1.9
330,Naan Bread (1 piece),419,Grain,Dinner,260,8.0,5.1,45.0,0.97,5.0,3.0,2.0,10,450.0,99.5,205.8,4.4
331,Cucumber Salad (1/2 cup),117,Vegetable,Dinner,40,1.0,7.0,5.0,1.44,2.0,4.0,1.0,0,200.0,59.4,179.1,4.2
332,Vodka Soda (1 drink),453,Beverage,Snack,100,0.0,9.3,0.0,1.61,0.0,0.0,0.0,0,5.0,77.7,386.8,12.7
333,Chocolate Croissant,257,Dessert,Breakfast,350,6.0,7.9,40.0,2.1,19.0,15.0,3.0,40,300.0,71.2,420.6,8.7
334,Sweet & Sour Chicken (1 cup),366,Meal,Dinner,380,18.0,11.9,45.0,4.18,15.0,25.0,3.0,50,750.0,36.3,87.8,6.9
335,Egg Drop Soup (1 cup),57,Meal,Dinner,65,5.0,1.1,6.0,1.91,2.0,1.0,0.5,50,780.0,58.5,129.0,12.3
336,String Cheese (1 stick),96,Dairy,Snack,80,6.0,23.1,1.0,4.72,6.0,0.0,0.0,20,210.0,92.6,496.5,12.9
337,Turkey Burger (1 patty),419,Protein,Lunch,160,22.0,18.0,2.0,2.1,8.0,1.0,0.0,70,400.0,86.8,185.7,7.2
338,Potato Salad (1/2 cup),419,Meal,Lunch,180,2.0,7.0,19.0,0.61,11.0,3.0,2.0,10,500.0,19.7,197.0,6.7
339,Cranberry Juice (1 cup),346,Beverage,Breakfast,130,0.0,5.3,33.0,1.53,0.0,30.0,0.0,0,10.0,47.9,52.0,9.2
340,Chicken Piccata (1 serving),362,Protein,Dinner,350,30.0,15.2,10.0,4.18,20.0,2.0,1.0,90,600.0,89.2,50.8,0.5
341,Angel Hair Pasta (1 cup),339,Grain,Dinner,200,7.0,24.7,42.0,1.5,1.0,1.0,2.0,0,1.0,2.8,263.8,6.2
342,Olive Oil (1 tbsp),135,Condiment,Dinner,120,0.0,0.1,0.0,3.15,14.0,0.0,0.0,0,0.0,85.3,440.0,2.9
343,Garlic (1 clove),417,Vegetable,Dinner,4,0.2,15.0,0.9,2.68,0.0,0.0,0.1,0,1.0,2.1,117.9,0.9
344,Salami (3 slices),285,Protein,Snack,110,6.0,15.7,1.0,3.86,9.0,0.5,0.0,30,500.0,19.1,71.7,13.3
345,Provolone Cheese (1 slice),311,Dairy,Snack,100,7.0,15.9,1.0,4.72,8.0,0.5,0.0,20,250.0,18.0,56.8,0.8
346,Ginger Ale (1 can),358,Beverage,Snack,124,0.0,7.8,32.0,1.0,0.0,31.0,0.0,0,40.0,98.2,4.4,2.0
347,Shrimp Scampi (1 cup),133,Meal,Dinner,380,22.0,12.8,40.0,1.65,15.0,3.0,3.0,140,750.0,67.1,443.9,9.9
348,Tiramisu (1 slice),300,Dessert,Snack,450,7.0,0.5,42.0,3.85,28.0,25.0,2.0,180,150.0,66.9,304.7,12.7
349,Cereal Bar (Fruit),328,Snack,Breakfast,140,2.0,2.6,30.0,4.68,3.0,15.0,1.0,0,110.0,82.3,374.3,13.6
350,Veal Parmesan (1 serving),360,Protein,Dinner,550,40.0,6.5,30.0,2.63,30.0,7.0,4.0,130,1100.0,74.8,270.1,9.8
351,Spaghetti (side),232,Grain,Dinner,100,3.5,0.5,21.0,2.29,0.5,0.5,1.0,0,0.0,75.0,23.5,0.9
352,Hot Chocolate (1 cup),66,Beverage,Snack,200,3.0,21.5,30.0,3.77,8.0,25.0,2.0,10,160.0,0.2,480.3,6.1
353,Coconut Shrimp (5 pcs),273,Meal,Dinner,320,10.0,21.9,25.0,2.8,20.0,8.0,3.0,80,600.0,8.8,330.6,4.2
354,Sweet Chili Sauce (2 tbsp),429,Condiment,Dinner,70,0.0,10.7,17.0,2.74,0.0,16.0,0.5,0,450.0,7.5,75.4,2.0
355,White Wine (5 oz glass),237,Beverage,Dinner,121,0.1,22.9,3.8,0.66,0.0,1.4,0.0,0,5.0,33.6,189.1,6.6
356,Trail Mix (1/4 cup),183,Snack,Snack,190,5.0,13.5,20.0,4.72,12.0,14.0,3.0,0,50.0,57.0,155.1,2.3
357,Onion Rings (6 rings),310,Snack,Snack,280,4.0,20.6,30.0,3.03,16.0,4.0,3.0,0,500.0,20.1,191.1,10.4
358,Poached Egg (1 large),327,Protein,Breakfast,72,6.3,22.3,0.4,4.7,4.8,0.4,0.0,185,140.0,7.9,85.1,4.0
359,Canadian Bacon (2 slices),156,Protein,Breakfast,80,12.0,16.2,1.0,3.71,3.0,1.0,0.0,40,650.0,84.7,457.9,11.9
360,Eggs Benedict (1 serving),407,Meal,Breakfast,600,25.0,18.2,30.0,1.25,40.0,4.0,3.0,450,1100.0,22.9,157.4,1.4
361,Hollandaise Sauce (2 tbsp),293,Condiment,Breakfast,110,1.0,18.8,0.5,1.05,12.0,0.2,0.0,50,150.0,48.5,166.1,5.0
362,Spinach Artichoke Dip (1/4 cup),322,Snack,Snack,160,5.0,18.2,6.0,1.93,14.0,2.0,2.0,30,350.0,54.9,38.6,1.2
363,Tortilla Chips (1 oz),315,Snack,Snack,140,2.0,10.1,19.0,0.22,7.0,0.5,2.0,0,120.0,90.8,331.3,7.8
364,Chicken Kebab (2 skewers),357,Protein,Dinner,280,30.0,15.3,8.0,1.46,14.0,4.0,3.0,85,500.0,13.6,180.5,11.4
365,Bell Peppers & Onions (sautéed),359,Vegetable,Dinner,60,1.5,18.0,10.0,1.74,2.0,6.0,3.0,0,30.0,19.5,263.6,1.0
366,Hummus Wrap (large),113,Meal,Lunch,450,15.0,17.8,60.0,1.45,18.0,5.0,12.0,0,800.0,35.1,216.9,5.9
367,Kombucha (1 cup),496,Beverage,Snack,30,0.0,12.6,7.0,1.21,0.0,6.0,0.0,0,10.0,97.5,380.7,12.5
368,Beef Stroganoff (1.5 cups),300,Meal,Dinner,550,30.0,13.4,40.0,2.93,28.0,6.0,4.0,100,900.0,79.5,444.7,14.9
369,Egg Noodles (1 cup cooked),274,Grain,Dinner,220,8.0,19.9,40.0,1.84,3.0,2.0,2.0,50,20.0,71.8,209.2,5.0
370,Cottage Cheese (1 cup low fat),380,Dairy,Lunch,160,28.0,14.3,6.0,4.34,2.5,4.0,0.0,10,820.0,46.9,79.1,2.4
371,Tomato (1 medium sliced),74,Vegetable,Lunch,22,1.1,20.6,4.8,0.74,0.2,3.2,1.5,0,6.0,95.7,291.5,12.9
372,Black Pepper (1 tsp),128,Condiment,Lunch,6,0.2,9.0,1.5,2.0,0.1,0.0,0.6,0,0.0,69.5,472.1,4.5
373,Chocolate Pudding (1/2 cup),252,Dessert,Snack,150,2.0,23.6,28.0,1.2,4.0,22.0,2.0,2,130.0,46.7,170.1,7.5
374,Mackerel (3oz cooked),210,Protein,Dinner,175,16.0,2.2,0.0,1.65,12.0,0.0,0.0,65,75.0,86.6,156.9,8.2
375,Collard Greens (1 cup cooked),153,Vegetable,Dinner,60,5.0,1.4,10.0,2.05,1.0,1.0,7.0,0,40.0,80.4,227.1,9.0
376,Ham (3oz deli sliced),116,Protein,Lunch,110,16.0,7.6,2.0,3.53,4.0,1.5,0.0,45,950.0,75.3,160.4,0.8
377,Swiss Cheese (1 slice),422,Dairy,Lunch,106,7.6,11.8,1.0,4.87,8.0,0.4,0.0,26,54.0,18.9,274.8,9.8
378,Rye Bread (1 slice),316,Grain,Lunch,83,2.7,13.1,15.5,3.82,1.1,1.2,1.9,0,170.0,44.5,175.7,8.6
379,Potato Leek Soup (1 cup),353,Meal,Lunch,180,4.0,16.5,25.0,0.38,7.0,4.0,3.0,15,650.0,60.8,190.9,5.9
380,Brie Cheese (1 oz),415,Dairy,Snack,95,6.0,9.4,0.1,0.3,7.9,0.1,0.0,28,178.0,66.7,191.9,3.7
381,Water Cracker (5 crackers),160,Grain,Snack,70,1.5,5.0,12.0,3.15,1.5,0.0,0.5,0,150.0,8.7,277.7,0.5
382,Grapefruit (1/2 medium),153,Fruit,Breakfast,52,1.1,12.5,13.2,3.42,0.2,8.5,2.0,0,0.0,17.9,221.4,8.6
383,Veggie Straws (1 oz),128,Snack,Snack,130,1.0,6.4,17.0,1.91,7.0,1.0,1.0,0,220.0,0.7,440.9,12.8
384,Fish Tacos (2 tacos),197,Meal,Dinner,420,25.0,5.3,40.0,0.19,18.0,5.0,6.0,60,700.0,65.3,463.2,3.0
385,Cabbage Slaw (side),462,Vegetable,Dinner,60,1.0,13.5,8.0,3.51,3.0,5.0,2.0,5,120.0,25.9,31.0,1.5
386,Lime (juice of 1),98,Condiment,Dinner,11,0.2,12.9,3.7,4.25,0.0,0.7,0.4,0,1.0,43.6,42.4,9.8
387,Beer (12 oz light),207,Beverage,Snack,103,0.9,8.3,5.8,2.37,0.0,0.3,0.0,0,10.0,34.9,401.5,4.5
388,Danish (Cheese 1 medium),117,Dessert,Breakfast,340,7.0,23.3,38.0,2.1,18.0,16.0,2.0,55,300.0,31.3,446.3,3.7
389,Kefir (Plain 1 cup),375,Beverage,Breakfast,104,10.0,0.9,10.0,4.89,2.5,9.0,0.0,10,100.0,81.6,52.1,9.7
390,Gnocchi (1 cup),312,Meal,Dinner,210,4.5,11.5,45.0,4.54,1.5,2.0,3.0,0,480.0,31.4,487.3,13.6
391,Pesto Sauce (1/4 cup),230,Condiment,Dinner,260,5.0,1.8,4.0,2.14,26.0,1.0,2.0,5,550.0,38.3,147.8,5.8
392,Pine Nuts (1 tbsp),426,Nut,Dinner,95,2.0,1.0,2.0,3.36,10.0,0.5,0.5,0,0.0,5.1,75.4,6.3
393,Chai Latte (12 oz),131,Beverage,Snack,190,7.0,3.5,32.0,3.11,4.0,30.0,1.0,15,105.0,19.6,359.5,13.4
394,Manicotti (2 shells cheese),432,Meal,Dinner,380,20.0,1.7,35.0,2.9,18.0,7.0,4.0,60,650.0,72.6,6.2,5.7
395,Italian Sausage (1 link),216,Protein,Dinner,200,12.0,7.6,3.0,3.14,16.0,1.0,0.0,50,550.0,38.0,76.6,14.0
396,Jicama (1 cup sticks),58,Vegetable,Snack,46,0.9,3.5,10.6,4.57,0.1,2.1,5.8,0,5.0,8.8,393.6,0.5
397,Chili Powder (1 tsp),273,Condiment,Snack,8,0.3,18.9,1.4,3.93,0.4,0.2,0.9,0,10.0,99.8,197.1,9.7
398,Ants on a Log (4 pcs),281,Snack,Snack,180,6.0,0.5,12.0,4.69,12.0,7.0,3.0,0,120.0,11.7,196.8,3.1
399,Split Pea Soup (1 cup),320,Meal,Lunch,180,11.0,17.9,30.0,3.34,2.0,6.0,10.0,5,700.0,77.7,20.7,3.1
400,Ham & Cheese Croissant,71,Meal,Breakfast,400,15.0,8.0,35.0,4.49,22.0,6.0,2.0,60,750.0,48.2,89.5,14.8
401,Espresso (double shot),255,Beverage,Breakfast,5,0.5,0.8,0.0,2.91,0.1,0.0,0.0,0,1.0,38.0,379.1,4.5
402,Ricotta Cheese (1/4 cup),472,Dairy,Dinner,85,5.5,4.0,2.5,4.87,6.0,1.0,0.0,24,50.0,96.3,367.6,4.9
403,Chicken & Rice Soup (1 can),375,Meal,Lunch,130,7.0,23.8,18.0,3.36,3.0,2.0,2.0,15,850.0,3.3,217.7,14.0
404,Salt (1/4 tsp),399,Condiment,Dinner,0,0.0,3.7,0.0,3.54,0.0,0.0,0.0,0,580.0,38.9,289.3,0.5
405,Guava,351,Fruit,Snack,68,2.6,11.1,14.3,4.79,0.9,8.9,5.4,0,3.0,65.4,317.0,14.3
406,Club Sandwich,292,Meal,Lunch,580,35.0,1.4,40.0,4.34,30.0,7.0,5.0,95,1300.0,47.1,422.5,0.4
407,Pickle (1 whole dill),346,Vegetable,Snack,17,0.8,17.0,3.7,2.8,0.2,1.7,1.5,0,1200.0,39.1,136.7,6.4
408,Turkey Chili (1 cup),128,Protein,Dinner,250,22.0,18.8,25.0,1.15,7.0,6.0,8.0,50,750.0,86.9,146.6,9.0
409,Sour Cream (2 tbsp),107,Condiment,Dinner,60,0.8,24.7,1.3,0.19,5.8,0.8,0.0,12,25.0,62.1,30.6,6.9
410,Shredded Cheese (Cheddar 1/4 cup),342,Dairy,Dinner,115,7.0,20.8,1.0,3.2,9.5,0.5,0.0,30,180.0,21.4,475.0,0.6
411,Matcha Latte (12 oz),235,Beverage,Snack,180,6.0,17.8,28.0,0.58,5.0,25.0,2.0,20,90.0,41.9,213.2,8.8
412,Chocolate Donut (1 medium),292,Dessert,Breakfast,300,4.0,14.4,35.0,1.78,17.0,18.0,2.0,20,230.0,77.1,160.9,4.3
413,Tuna Melt,409,Meal,Lunch,450,25.0,5.8,32.0,1.88,25.0,4.0,3.0,50,900.0,84.5,397.8,7.0
414,Apple Cider (1 cup),144,Beverage,Snack,117,0.1,16.1,29.0,4.77,0.3,27.0,0.5,0,10.0,24.1,190.6,4.9
415,Beef Burrito (large),339,Meal,Dinner,650,30.0,23.0,70.0,4.6,28.0,5.0,10.0,70,1400.0,74.6,358.5,8.0
416,Pico de Gallo (1/4 cup),202,Condiment,Dinner,15,0.5,24.7,3.0,2.38,0.0,2.0,1.0,0,200.0,70.6,114.7,7.3
417,Corn Tortilla (1 medium),408,Grain,Dinner,52,1.4,20.4,11.2,1.82,0.7,0.2,1.5,0,4.0,31.7,147.0,0.9
418,Mussels (3oz steamed),397,Protein,Dinner,146,20.0,24.4,6.0,2.78,4.0,0.0,0.0,48,310.0,71.0,400.7,1.4
419,White Wine Sauce (1/4 cup),205,Condiment,Dinner,80,1.0,17.5,4.0,1.75,6.0,2.0,0.5,5,300.0,46.3,80.8,12.6
420,French Bread (2 slices),353,Grain,Dinner,180,6.0,10.6,36.0,4.67,1.0,2.0,2.0,0,380.0,6.4,259.0,2.3
421,Blackberries (1 cup),472,Fruit,Snack,62,2.0,8.9,13.8,3.42,0.7,4.9,7.6,0,1.0,35.4,4.8,4.3
422,Cheese Danish,190,Dessert,Breakfast,340,7.0,9.1,38.0,0.85,18.0,16.0,2.0,55,300.0,87.8,208.8,5.7
423,Chicken Salad Sandwich,497,Meal,Lunch,420,20.0,19.2,35.0,0.72,20.0,5.0,3.0,60,850.0,85.2,391.2,7.6
424,Soyrizo (2 oz),493,Protein,Breakfast,140,10.0,0.7,6.0,3.91,9.0,2.0,3.0,0,450.0,32.7,440.1,8.9
425,Hash Browns (1 cup),54,Vegetable,Breakfast,330,3.0,15.3,38.0,4.63,19.0,1.0,3.0,0,550.0,36.9,93.6,4.5
426,Ketchup (1 packet),301,Condiment,Breakfast,10,0.1,22.9,2.5,4.8,0.0,2.0,0.1,0,90.0,71.1,306.0,3.5
427,Philly Cheesesteak (6 inch),269,Meal,Lunch,500,25.0,13.7,40.0,3.38,28.0,5.0,3.0,70,1100.0,24.8,178.9,9.3
428,Cheese Whiz (2 tbsp),50,Condiment,Lunch,90,4.0,1.9,3.0,1.02,7.0,2.0,0.0,20,540.0,69.0,468.9,13.2
429,Onions (sautéed 1/4 cup),167,Vegetable,Lunch,30,0.5,1.2,5.0,1.39,1.0,3.0,1.0,0,5.0,64.4,404.1,3.4
430,Raspberries (1 cup),98,Fruit,Snack,64,1.5,17.9,14.7,3.4,0.8,5.4,8.0,0,1.0,82.6,370.8,9.9
431,Cheesy Grits (1 cup),463,Meal,Breakfast,210,6.0,11.2,34.0,2.41,6.0,1.0,2.0,20,550.0,98.6,281.1,12.1
432,Collard Greens (with ham hock),153,Vegetable,Dinner,180,10.0,23.0,15.0,4.73,9.0,3.0,8.0,30,600.0,81.9,1.8,6.9
433,Fried Okra (1 cup),321,Vegetable,Dinner,220,4.0,18.0,25.0,2.11,12.0,3.0,5.0,10,450.0,72.8,237.8,13.2
434,Sweet Tea (16 oz),173,Beverage,Lunch,180,0.0,14.4,46.0,3.53,0.0,46.0,0.0,0,15.0,75.0,41.8,11.3
435,Gyro (1 sandwich),445,Protein,Dinner,600,25.0,10.9,55.0,3.55,30.0,6.0,5.0,80,1200.0,5.5,25.7,6.9
436,Pita Bread (White 1 large),342,Grain,Dinner,220,7.0,8.8,45.0,0.61,2.0,2.0,2.0,0,440.0,55.3,467.7,11.8
437,Tzatziki Sauce (2 tbsp),472,Condiment,Dinner,30,1.5,15.3,2.0,2.8,2.0,1.5,0.0,5,100.0,69.4,363.7,14.2
438,Baklava (1 piece),453,Dessert,Snack,280,3.0,6.5,30.0,2.99,18.0,20.0,2.0,10,80.0,82.4,129.3,12.3
439,Coconut (shredded 1/4 cup),340,Fruit,Snack,110,1.0,16.7,4.5,3.73,10.5,1.5,2.0,0,3.0,83.1,422.4,2.0
440,S'more (1 serving),472,Dessert,Snack,140,2.0,15.0,25.0,0.36,4.0,15.0,1.0,0,90.0,37.9,225.0,14.3
441,Graham Cracker (1 large rectangle),270,Grain,Snack,60,1.0,9.5,11.0,0.21,1.5,4.0,0.5,0,70.0,16.8,47.0,1.5
442,Marshmallow (1 large),187,Dessert,Snack,23,0.1,7.9,5.8,0.58,0.0,4.0,0.0,0,5.0,84.3,437.5,14.6
443,Chocolate (Hershey's bar 1 segment),209,Dessert,Snack,25,0.3,4.5,3.0,4.44,1.5,2.8,0.2,1,4.0,29.5,63.5,11.8
444,Chicken Parm Sandwich,88,Meal,Lunch,650,40.0,12.0,55.0,4.15,30.0,9.0,6.0,100,1400.0,30.3,385.0,8.0
445,Mozzarella (1 slice),379,Dairy,Lunch,80,6.0,18.1,1.0,4.15,6.0,0.5,0.0,20,150.0,61.2,205.2,14.4
446,Bread Roll (hoagie),495,Grain,Lunch,200,6.0,0.2,38.0,0.06,2.0,3.0,2.0,0,400.0,2.9,226.0,5.6
447,Artichoke (1 medium steamed),427,Vegetable,Dinner,60,4.2,19.8,13.4,0.75,0.2,1.2,6.9,0,112.0,78.2,24.6,14.4
448,Mayonnaise (1 tbsp for dipping),104,Condiment,Dinner,90,0.1,13.1,0.1,2.45,10.0,0.1,0.0,5,70.0,99.6,160.5,3.0
449,Calamari (fried 3oz),204,Meal,Dinner,150,13.0,17.7,8.0,4.22,7.0,1.0,1.0,220,600.0,85.1,458.0,0.9
450,Lemon Wedge (for calamari),294,Condiment,Dinner,3,0.1,1.6,1.0,4.13,0.0,0.2,0.3,0,0.0,53.5,223.7,6.9
451,Root Beer (1 can),346,Beverage,Snack,150,0.0,11.7,40.0,3.01,0.0,40.0,0.0,0,55.0,88.9,63.5,9.7
452,Chicken McNuggets (6 pcs),130,Meal,Lunch,270,15.0,15.1,16.0,0.82,16.0,0.0,1.0,40,500.0,34.3,371.9,1.3
453,BBQ Sauce (2 tbsp),336,Condiment,Lunch,60,0.5,23.4,15.0,4.42,0.0,12.0,0.5,0,350.0,15.0,275.2,5.4
454,Honey (1 tbsp),241,Condiment,Breakfast,64,0.1,16.2,17.3,3.83,0.0,17.2,0.0,0,1.0,76.6,429.8,4.2
455,Tofu Scramble,450,Meal,Breakfast,250,20.0,17.7,8.0,1.06,16.0,3.0,4.0,0,300.0,16.1,54.1,9.1
456,Turmeric (1 tsp),282,Condiment,Breakfast,9,0.3,11.9,1.9,3.67,0.1,0.1,0.7,0,1.0,34.6,35.9,4.5
457,Nutritional Yeast (1 tbsp),441,Condiment,Breakfast,20,3.0,21.8,2.0,2.14,0.0,0.0,1.0,0,10.0,16.1,467.5,5.3
458,Seitan (3oz),315,Protein,Dinner,90,18.0,4.5,4.0,0.95,1.0,1.0,1.0,0,300.0,34.4,192.3,10.4
459,Vegetable Broth (1 cup),384,Beverage,Dinner,15,1.0,17.4,3.0,4.72,0.0,2.0,1.0,0,550.0,56.8,8.2,3.8
460,Mashed Cauliflower (1 cup),154,Vegetable,Dinner,140,5.0,12.4,12.0,4.24,8.0,4.0,5.0,25,400.0,42.2,102.5,4.3
461,Peanut Sauce (2 tbsp),153,Condiment,Dinner,80,2.0,9.0,4.0,1.45,6.0,3.0,1.0,0,250.0,30.0,262.7,15.0
462,Tempeh (3oz),259,Protein,Lunch,160,16.0,24.9,8.0,2.21,9.0,0.0,5.0,0,10.0,83.3,117.2,10.8
463,Sauerkraut (1/2 cup),426,Vegetable,Lunch,14,0.7,8.8,3.1,2.65,0.1,1.2,2.0,0,468.0,31.8,119.0,6.3
464,Rye Crispbread (2 slices),217,Grain,Lunch,70,2.0,9.6,14.0,4.77,0.5,0.0,3.0,0,120.0,71.3,101.4,9.3
465,Capers (1 tbsp),137,Condiment,Dinner,2,0.2,9.0,0.4,0.91,0.1,0.1,0.3,0,200.0,22.3,75.5,6.1
466,Chicken Liver (2 oz cooked),425,Protein,Dinner,91,13.6,17.8,0.6,4.67,3.6,0.0,0.0,320,50.0,42.8,413.6,3.4
467,Onion (1/2 cup raw chopped),268,Vegetable,Dinner,32,0.9,20.3,7.5,1.97,0.1,3.8,1.4,0,3.0,83.4,151.0,0.1
468,Bok Choy (1 cup steamed),303,Vegetable,Dinner,10,1.5,7.1,2.0,3.88,0.1,1.0,1.0,0,40.0,40.0,203.7,5.6
469,Gummy Bears (10 pcs),243,Snack,Snack,100,2.0,4.4,22.0,2.17,0.0,15.0,0.0,0,10.0,21.2,482.3,10.0
470,Whiskey (1.5 oz shot),53,Beverage,Snack,105,0.0,10.0,0.1,4.18,0.0,0.1,0.0,0,1.0,58.5,17.1,5.2
471,Dates (2 medium Medjool),277,Fruit,Snack,133,0.8,20.0,36.0,0.12,0.1,32.0,3.2,0,1.0,30.8,78.1,3.1
472,Tahini (1 tbsp),458,Condiment,Snack,89,2.6,1.3,3.2,3.99,8.0,0.1,1.4,0,17.0,98.6,153.1,14.8
473,Chickpeas (1/2 cup canned),411,Legume,Lunch,135,7.0,3.6,22.0,3.52,2.0,3.0,6.0,0,250.0,95.2,484.6,8.1
474,Lettuce (Romaine 2 cups),470,Vegetable,Lunch,16,1.0,21.4,3.0,1.09,0.3,1.0,2.0,0,10.0,65.6,21.8,2.0
475,Italian Dressing (2 tbsp),321,Condiment,Lunch,70,0.0,19.8,3.0,4.47,7.0,2.0,0.0,0,300.0,16.4,223.2,13.1
476,Croutons (1/4 cup),92,Grain,Lunch,50,1.5,16.9,7.0,2.9,2.0,0.5,0.5,0,140.0,82.6,327.6,3.2
477,Turkey Sausage (1 patty),68,Protein,Breakfast,70,9.0,4.4,1.0,1.99,4.0,0.5,0.0,35,280.0,81.9,434.6,11.4
478,Maple Syrup (1 tbsp),189,Condiment,Breakfast,52,0.0,15.2,13.5,3.45,0.0,12.0,0.0,0,1.0,10.5,399.6,14.1
479,Quesadilla (Cheese 1 medium),305,Meal,Lunch,400,18.0,3.7,35.0,0.83,22.0,2.0,3.0,50,700.0,13.4,238.6,10.3
480,Sour Cream (1 tbsp),338,Condiment,Lunch,30,0.4,11.9,0.6,0.4,2.9,0.4,0.0,6,12.0,8.3,176.0,4.3
481,Salsa (2 tbsp),492,Condiment,Lunch,10,0.5,10.7,2.0,2.43,0.0,1.0,0.5,0,120.0,85.5,32.6,13.1
482,Red Cabbage (1 cup raw),115,Vegetable,Dinner,22,1.1,1.5,5.2,4.43,0.1,2.8,1.6,0,8.0,84.8,463.4,3.3
483,Duck (3oz roasted),320,Protein,Dinner,285,16.0,8.6,0.0,3.18,24.0,0.0,0.0,72,65.0,66.8,305.3,2.7
484,Orange Sauce (1/4 cup for duck),243,Condiment,Dinner,90,0.5,1.1,22.0,2.94,0.0,20.0,0.5,0,200.0,96.6,208.4,3.2
485,Wild Rice (1 cup cooked),459,Grain,Dinner,166,6.5,1.9,35.0,4.95,0.6,1.2,3.0,0,5.0,88.2,368.8,9.7
486,Cupcake (Vanilla 1 medium),118,Dessert,Snack,240,2.0,7.4,35.0,1.76,11.0,25.0,1.0,30,200.0,94.1,209.6,14.9
487,Frosting (Vanilla 2 tbsp),97,Condiment,Snack,140,0.0,4.1,22.0,2.01,6.0,22.0,0.0,0,65.0,17.2,56.2,3.8
488,Hot Sauce (1 tsp Tabasco),368,Condiment,Breakfast,0,0.0,21.7,0.0,2.1,0.0,0.0,0.0,0,35.0,60.6,58.4,6.7
489,Bison Burger (1 patty),315,Protein,Lunch,150,22.0,13.9,0.0,2.74,7.0,0.0,0.0,70,65.0,62.9,441.2,4.2
490,Pretzel Bun (1 medium),186,Grain,Lunch,230,8.0,14.7,45.0,2.74,2.0,4.0,2.0,0,550.0,63.6,131.0,1.7
491,Spicy Mustard (1 tbsp),354,Condiment,Lunch,10,0.5,10.5,1.0,3.9,0.5,0.0,0.5,0,120.0,90.0,284.4,2.2
492,Pasta Salad (1 cup),451,Meal,Lunch,280,8.0,7.9,30.0,1.17,14.0,5.0,4.0,10,450.0,55.3,449.4,4.7
493,Salami (3 slices),468,Protein,Lunch,110,6.0,1.7,1.0,1.61,9.0,0.5,0.0,30,500.0,28.9,441.4,11.4
494,Pepperoncini (2 peppers),55,Vegetable,Lunch,10,0.5,5.9,2.0,3.51,0.0,1.0,1.0,0,350.0,87.5,59.1,8.4
495,Coconut Milk (1/4 cup canned),309,Condiment,Dinner,111,1.1,4.0,2.9,3.8,11.6,1.5,0.5,0,8.0,51.2,429.0,1.4
496,Green Curry Paste (1 tbsp),270,Condiment,Dinner,30,0.5,23.8,2.0,1.37,2.5,1.0,1.0,0,400.0,0.2,227.4,11.0
497,Chicken Thigh (1 roasted),414,Protein,Dinner,210,24.0,14.1,0.0,1.75,13.0,0.0,0.0,120,90.0,9.3,45.8,11.0
498,Jasmine Rice (1 cup cooked),368,Grain,Dinner,205,4.3,15.1,45.0,0.65,0.4,0.0,0.6,0,2.0,23.5,437.6,5.5
499,Thai Iced Tea (1 glass),443,Beverage,Snack,250,3.0,21.9,35.0,0.15,12.0,33.0,0.0,35,50.0,32.0,120.8,8.3
500,Papaya (1 cup cubes),218,Fruit,Snack,62,0.6,2.0,15.7,4.74,0.4,11.0,2.5,0,12.0,69.8,451.7,3.8
501,Lime Juice (1 tbsp),73,Condiment,Snack,4,0.1,17.6,1.3,1.89,0.0,0.2,0.1,0,0.0,19.1,279.7,7.4
502,Macaroni Salad (1 cup),224,Meal,Lunch,380,8.0,17.4,30.0,4.73,25.0,6.0,3.0,20,750.0,74.1,449.1,9.7
503,Celery (1 stalk),366,Vegetable,Lunch,6,0.3,11.2,1.2,1.19,0.1,0.5,0.6,0,32.0,22.9,381.3,11.8
504,Blue Cheese (1 oz),109,Dairy,Snack,100,6.0,13.6,0.7,1.6,8.0,0.1,0.0,21,325.0,53.7,491.6,12.1
505,Dark Chocolate (1 oz 70%),426,Dessert,Snack,170,2.2,2.9,13.0,2.61,12.0,7.0,3.0,0,5.0,11.8,113.0,13.2
506,Acai Bowl (1 serving),332,Meal,Breakfast,350,5.0,2.6,60.0,4.51,12.0,30.0,10.0,0,40.0,90.9,455.0,9.8
507,Granola (1/4 cup topping),124,Grain,Breakfast,120,3.0,4.1,15.0,1.17,6.0,7.0,3.0,0,20.0,53.7,411.2,2.9
508,Coconut Flakes (1 tbsp topping),442,Fruit,Breakfast,35,0.3,6.5,1.5,2.07,3.3,0.5,0.7,0,1.0,29.8,395.1,1.6
509,Honey (1 tsp drizzle),73,Condiment,Breakfast,21,0.0,4.5,5.8,4.58,0.0,5.8,0.0,0,0.0,14.0,285.9,8.7
510,Shrimp Cocktail (4 large shrimp),392,Protein,Snack,60,10.0,16.1,1.0,1.17,1.0,0.5,0.0,110,300.0,36.6,172.9,13.7
511,Cocktail Sauce (2 tbsp),117,Condiment,Snack,30,0.5,3.4,7.0,0.35,0.0,5.0,0.5,0,450.0,58.9,222.8,5.6
512,Pork Bun (1 steamed),385,Meal,Lunch,220,8.0,23.5,30.0,2.7,8.0,6.0,2.0,20,400.0,33.4,353.3,10.3
513,Dim Sum (Siu Mai 3 pcs),196,Meal,Lunch,180,12.0,22.9,10.0,2.35,10.0,1.0,2.0,60,550.0,71.8,451.6,6.0
514,Soy Sauce (1 tbsp for dipping),101,Condiment,Lunch,9,1.0,23.8,1.0,3.9,0.0,0.4,0.1,0,920.0,3.5,221.2,3.9
515,Oyster (1 medium raw),153,Protein,Dinner,8,1.0,1.3,0.5,1.86,0.2,0.0,0.0,10,50.0,61.5,176.3,6.6
516,Mignonette Sauce (1 tbsp),453,Condiment,Dinner,5,0.0,21.8,1.0,3.35,0.0,0.5,0.0,0,30.0,97.9,375.9,0.5
517,Beef Pho (1 large bowl),331,Meal,Dinner,450,30.0,24.9,55.0,4.31,12.0,5.0,4.0,60,1500.0,34.5,451.5,14.1
518,Bean Sprouts (1/4 cup garnish),355,Vegetable,Dinner,8,0.8,16.9,1.5,4.14,0.1,1.0,0.4,0,1.0,28.5,102.4,11.0
519,Thai Basil (garnish),338,Condiment,Dinner,1,0.1,0.8,0.0,2.39,0.0,0.0,0.0,0,0.0,63.4,389.2,3.8
520,Lime Wedge (garnish),456,Condiment,Dinner,3,0.1,21.8,1.0,2.2,0.0,0.2,0.3,0,0.0,3.7,343.1,2.3
521,Jalapeno (1 tbsp sliced),432,Vegetable,Dinner,4,0.1,7.3,0.8,0.06,0.1,0.5,0.4,0,1.0,51.9,360.1,11.5
522,Hoisin Sauce (1 tbsp),187,Condiment,Dinner,35,0.3,24.9,8.0,2.03,0.2,5.0,0.1,0,220.0,19.7,408.0,11.1
523,Sriracha (1 tsp),391,Condiment,Dinner,5,0.1,12.2,1.0,4.28,0.1,0.8,0.1,0,80.0,82.7,440.6,3.6
524,Crepe (1 plain),102,Grain,Breakfast,90,3.5,7.3,14.0,2.6,2.0,3.0,0.5,25,100.0,13.3,123.1,6.9
525,Nutella (1 tbsp),495,Condiment,Breakfast,100,1.5,6.1,11.0,2.21,6.0,10.0,1.0,0,10.0,55.7,293.4,14.4
526,Powdered Sugar (1 tsp),86,Condiment,Breakfast,10,0.0,11.8,2.5,1.82,0.0,2.5,0.0,0,0.0,79.3,78.0,12.7
527,Sake (3 oz),162,Beverage,Dinner,117,0.4,13.2,3.8,1.6,0.0,0.0,0.0,0,4.0,27.6,370.7,5.8
528,Edamame (in pod 1 cup),471,Legume,Snack,120,11.0,8.1,9.0,0.5,5.0,2.0,5.0,0,9.0,10.3,369.5,9.3
529,Sea Salt (coarse 1/4 tsp),482,Condiment,Snack,0,0.0,18.0,0.0,0.37,0.0,0.0,0.0,0,550.0,80.3,165.6,9.1
530,Biryani (Chicken 1.5 cups),466,Protein,Dinner,520,28.0,21.5,60.0,3.7,18.0,6.0,5.0,75,900.0,59.3,155.8,7.1
531,Raita (2 tbsp),71,Condiment,Dinner,30,1.0,14.8,2.0,2.83,2.0,1.5,0.5,5,100.0,74.3,490.7,14.8
532,Lassi (Mango 1 cup),200,Beverage,Snack,180,5.0,11.4,30.0,2.26,4.0,28.0,1.0,15,60.0,16.5,9.5,7.7
533,Samosa (1 piece vegetable),391,Snack,Snack,130,2.0,16.8,18.0,2.19,6.0,1.0,2.0,0,300.0,57.0,341.1,11.1
534,Tamarind Chutney (1 tbsp),413,Condiment,Snack,20,0.1,10.2,5.0,2.06,0.0,4.0,0.5,0,120.0,71.4,204.6,0.2
535,Mint Chutney (1 tbsp),278,Condiment,Snack,5,0.2,17.9,0.5,1.14,0.0,0.2,0.3,0,150.0,11.7,89.7,9.1
536,Pani Puri (6 pcs),244,Snack,Snack,200,4.0,16.0,35.0,3.41,5.0,2.0,3.0,0,400.0,38.2,393.0,1.2
537,Passion Fruit (1 fruit),397,Fruit,Snack,17,0.4,23.5,4.2,0.8,0.1,2.0,1.9,0,5.0,92.8,463.7,5.4
538,Kimchi Jjigae (1 bowl),307,Meal,Dinner,350,15.0,23.7,20.0,2.22,22.0,6.0,5.0,30,1200.0,34.8,270.2,4.7
539,Silken Tofu (3oz in soup),398,Protein,Dinner,45,5.0,24.4,2.0,2.36,2.5,1.0,0.5,0,5.0,20.1,290.5,2.2
540,Pork Belly (1 oz in soup),130,Protein,Dinner,145,3.0,4.2,0.0,2.05,15.0,0.0,0.0,20,150.0,94.0,57.8,5.9
541,Gochugaru (1 tsp),76,Condiment,Dinner,10,0.3,6.4,1.8,1.05,0.3,0.3,0.5,0,1.0,30.2,252.2,10.4
542,Gochujang (1 tbsp),360,Condiment,Dinner,30,0.5,24.2,6.0,4.63,0.0,4.0,0.5,0,200.0,4.7,475.7,7.8
543,Sesame Oil (1 tsp),378,Condiment,Dinner,40,0.0,6.5,0.0,2.12,4.5,0.0,0.0,0,0.0,10.0,333.7,10.8
544,Fish Sauce (1 tsp),397,Condiment,Dinner,5,0.4,18.4,0.5,2.01,0.0,0.4,0.0,0,450.0,4.3,313.0,14.3
545,Green Onion (1 tbsp garnish),473,Vegetable,Dinner,3,0.2,24.1,0.7,2.72,0.0,0.2,0.2,0,0.0,58.2,5.0,2.9
546,Kombucha (16 oz),93,Beverage,Snack,60,0.0,10.9,14.0,0.29,0.0,12.0,0.0,0,20.0,55.8,446.3,4.1
547,Beef Wellington (1 slice),251,Protein,Dinner,600,30.0,0.5,35.0,0.41,38.0,4.0,4.0,100,850.0,76.2,288.5,11.0
548,Pate (Mushroom 2 tbsp),429,Condiment,Dinner,70,1.0,17.9,2.0,3.63,7.0,1.0,1.0,0,100.0,37.0,55.0,11.4
549,Puff Pastry (1 oz wrapper),60,Grain,Dinner,115,1.5,10.2,9.0,3.77,8.0,0.0,0.5,0,100.0,31.4,136.0,12.3
550,Prosciutto (1 slice),426,Protein,Dinner,35,4.0,9.7,0.0,1.1,2.5,0.0,0.0,10,280.0,57.5,319.6,11.2
551,Asparagus (6 spears roasted),463,Vegetable,Dinner,40,4.0,3.7,4.0,4.1,2.0,2.0,3.0,0,150.0,39.3,335.4,2.6
552,Hollandaise Sauce (1 tbsp),421,Condiment,Dinner,55,0.5,9.6,0.2,0.03,6.0,0.1,0.0,25,75.0,90.4,269.1,3.3
553,Flan (1 slice),406,Dessert,Snack,220,6.0,24.0,35.0,4.89,7.0,33.0,0.0,90,80.0,24.4,416.1,13.7
554,Caramel Sauce (1 tbsp),140,Condiment,Snack,60,0.0,18.9,13.0,1.89,1.0,12.0,0.0,5,30.0,54.4,456.0,11.1
555,Congee (1 cup plain),431,Meal,Breakfast,130,2.5,11.2,28.0,3.06,1.0,0.5,1.0,0,300.0,53.2,478.5,3.0
556,Pickled Radish (1/4 cup),453,Vegetable,Breakfast,15,0.5,7.3,3.0,1.48,0.0,2.0,1.0,0,250.0,32.9,141.9,10.3
557,Pork Floss (1 tbsp),324,Protein,Breakfast,50,4.0,6.2,3.0,4.44,2.0,2.5,0.0,10,150.0,33.1,222.6,11.4
558,Century Egg (1 egg),434,Protein,Breakfast,100,7.0,15.2,1.0,4.63,7.0,0.5,0.0,200,300.0,9.7,72.2,13.0
559,Arugula (2 cups),279,Vegetable,Lunch,10,1.0,0.9,0.8,4.61,0.2,0.4,0.4,0,6.0,99.8,304.8,9.1
560,Goat Cheese (1 oz),419,Dairy,Lunch,103,6.1,2.5,0.1,4.19,8.5,0.1,0.0,22,146.0,59.5,430.5,3.8
561,Beets (1/2 cup roasted),179,Vegetable,Lunch,30,0.8,8.4,6.8,3.24,0.1,5.8,1.4,0,50.0,10.2,368.7,5.2
562,Walnuts (1 tbsp chopped),394,Nut,Lunch,46,1.1,23.1,1.0,4.59,4.6,0.2,0.5,0,0.0,19.5,169.6,8.3
563,Balsamic Glaze (1 tbsp),417,Condiment,Lunch,40,0.0,9.6,9.0,2.4,0.0,8.0,0.0,0,10.0,15.4,346.8,10.0
564,Bobotie (1 serving),185,Protein,Dinner,450,25.0,7.3,30.0,4.66,25.0,15.0,5.0,150,700.0,74.4,210.6,1.3
565,Yellow Rice (1 cup),402,Grain,Dinner,230,4.0,3.5,50.0,1.08,1.0,1.0,2.0,0,300.0,2.9,444.7,14.2
566,Chutney (Mango 1 tbsp),188,Condiment,Dinner,45,0.1,0.9,11.0,4.67,0.1,10.0,0.5,0,180.0,93.0,194.9,3.8
567,Malva Pudding (1 slice),409,Dessert,Snack,380,5.0,2.7,60.0,1.34,14.0,40.0,2.0,60,350.0,97.5,81.0,7.2
568,Custard (1/4 cup),93,Condiment,Snack,80,3.0,11.6,10.0,3.11,3.0,8.0,0.0,40,40.0,37.0,6.8,1.3
569,Bubble Tea (16 oz milk tea),219,Beverage,Snack,320,2.0,9.8,70.0,1.58,4.0,60.0,1.0,10,100.0,15.4,461.3,8.6
570,Tapioca Pearls (1/4 cup boba),243,Condiment,Snack,100,0.0,20.1,25.0,4.34,0.0,20.0,0.0,0,5.0,20.9,326.2,9.7
571,Paella (1.5 cups seafood),78,Meal,Dinner,550,30.0,17.4,70.0,2.72,18.0,5.0,6.0,110,1200.0,38.7,447.5,0.1
572,Chorizo (1 oz in paella),268,Protein,Dinner,130,6.0,10.0,1.0,1.86,11.0,0.5,0.0,30,350.0,91.0,410.1,10.7
573,Saffron (pinch),197,Condiment,Dinner,1,0.0,20.9,0.1,4.34,0.0,0.0,0.0,0,0.0,23.0,169.9,4.8
574,Aioli (Garlic 1 tbsp),151,Condiment,Dinner,95,0.1,1.2,0.5,0.9,10.5,0.1,0.0,5,70.0,5.6,194.1,0.7
575,Gazpacho (1 cup),370,Meal,Lunch,90,2.0,6.1,12.0,2.38,4.0,7.0,3.0,0,600.0,64.2,30.9,2.9
576,Croutons (Garlic 1/4 cup),131,Grain,Lunch,50,1.5,0.4,7.0,3.28,2.0,0.5,0.5,0,140.0,1.2,445.2,1.0
577,Olive Oil (1 tsp garnish),334,Condiment,Lunch,40,0.0,10.3,0.0,4.84,4.5,0.0,0.0,0,0.0,64.7,363.0,8.9
578,Churros (2 sticks),92,Dessert,Snack,240,3.0,22.4,30.0,2.17,12.0,10.0,1.5,20,200.0,35.6,263.5,9.2
579,Chocolate Sauce (1 tbsp dipping),273,Condiment,Snack,50,0.5,24.1,10.0,4.64,1.5,8.0,1.0,0,5.0,36.6,367.1,0.7
580,Cinnamon Sugar (1 tsp),267,Condiment,Snack,20,0.0,24.5,5.0,4.98,0.0,5.0,0.0,0,0.0,55.8,186.9,0.3
581,Horchata (1 cup),179,Beverage,Snack,140,2.0,23.9,25.0,3.19,3.0,22.0,1.0,5,30.0,0.6,167.3,3.5
582,Ceviche (1 cup fish),232,Meal,Lunch,180,25.0,6.8,15.0,1.36,2.0,4.0,3.0,45,700.0,51.3,382.9,1.3
583,Red Onion (1/4 cup in ceviche),401,Vegetable,Lunch,16,0.3,1.6,3.7,2.75,0.0,1.8,0.4,0,1.0,31.6,22.2,0.7
584,Cilantro (2 tbsp garnish),458,Condiment,Lunch,1,0.1,3.5,0.0,2.14,0.0,0.0,0.1,0,0.0,69.9,101.2,7.3
585,Corn Nuts (1 oz),420,Snack,Snack,130,2.0,6.9,23.0,3.67,4.0,0.0,2.0,0,180.0,24.4,486.1,0.4
586,Lomo Saltado (1.5 cups),158,Protein,Dinner,500,35.0,3.5,45.0,4.7,22.0,6.0,5.0,90,1100.0,11.7,175.1,14.7
587,French Fries (as side),149,Vegetable,Dinner,200,2.0,15.8,25.0,2.16,10.0,0.2,2.0,0,130.0,87.6,349.0,0.3
588,Soy Sauce (1 tbsp in stir-fry),194,Condiment,Dinner,9,1.0,3.2,1.0,2.68,0.0,0.4,0.1,0,920.0,95.4,48.1,6.8
589,Aji Amarillo Paste (1 tsp),305,Condiment,Dinner,5,0.1,11.1,1.0,0.01,0.0,0.5,0.5,0,50.0,78.5,322.5,11.8
590,Pisco Sour (1 drink),396,Beverage,Snack,250,1.0,3.9,25.0,2.47,0.0,24.0,0.0,5,5.0,54.8,218.2,0.6
591,Egg White (in drink),237,Condiment,Snack,17,3.6,17.2,0.2,4.69,0.0,0.2,0.0,0,55.0,42.4,371.9,9.0
592,Angostura Bitters (dash),222,Condiment,Snack,5,0.0,3.4,0.0,1.56,0.0,0.0,0.0,0,0.0,64.1,77.4,12.6
593,Alfajores (1 cookie),294,Dessert,Snack,180,2.0,1.9,22.0,3.92,10.0,15.0,1.0,20,60.0,98.7,237.2,13.6
594,Dulce de Leche (1 tbsp filling),446,Condiment,Snack,65,1.0,20.4,12.0,2.3,1.5,10.0,0.0,5,30.0,59.0,166.6,13.6
595,Coconut (shredded garnish),350,Fruit,Snack,10,0.1,20.1,0.5,3.35,1.0,0.1,0.2,0,0.0,65.6,211.7,6.4
596,Mate (1 cup),244,Beverage,Breakfast,5,0.2,5.1,1.0,1.48,0.0,0.0,0.0,0,2.0,42.0,226.6,15.0
597,Media Luna (1 pastry),205,Grain,Breakfast,190,4.0,0.4,25.0,0.06,8.0,9.0,1.0,25,150.0,96.6,91.9,0.5
598,Chimichurri (1 tbsp),84,Condiment,Dinner,45,0.1,6.5,0.5,2.68,4.5,0.1,0.2,0,100.0,74.7,406.6,9.7
599,Skirt Steak (4oz grilled),70,Protein,Dinner,240,26.0,11.9,0.0,4.47,15.0,0.0,0.0,80,70.0,78.5,425.9,4.2
600,Provoleta (1 oz grilled cheese),123,Dairy,Dinner,100,7.0,6.4,1.0,1.51,8.0,0.5,0.0,20,250.0,80.2,296.7,1.2
601,Oregano (1 tsp),386,Condiment,Dinner,3,0.1,14.0,0.7,3.03,0.0,0.0,0.2,0,0.0,73.3,37.6,8.5
602,Empanada (Beef 1 medium),206,Meal,Lunch,290,10.0,18.7,28.0,4.83,16.0,3.0,3.0,30,550.0,50.5,159.4,13.3
603,Chicken Milanesa (1 serving),196,Protein,Dinner,450,35.0,12.9,30.0,1.11,22.0,2.0,3.0,100,700.0,98.1,75.3,1.2
604,Mashed Potatoes (side),437,Vegetable,Dinner,150,3.0,0.3,25.0,4.08,4.0,2.0,2.0,10,300.0,95.7,155.4,9.5
605,Flan (1 slice),498,Dessert,Snack,220,6.0,3.6,35.0,1.8,7.0,33.0,0.0,90,80.0,49.3,263.8,2.6
606,Choripan (1 sandwich),349,Meal,Lunch,550,20.0,19.0,40.0,3.61,35.0,4.0,3.0,80,1100.0,38.6,437.5,12.4
607,Baguette (slice),170,Grain,Lunch,70,2.5,23.7,14.0,3.41,0.5,0.5,0.6,0,150.0,41.2,270.1,12.0
608,Chimichurri (1 tbsp),462,Condiment,Lunch,45,0.1,7.5,0.5,4.66,4.5,0.1,0.2,0,100.0,79.3,189.8,7.2
609,Pizza (Margherita 1 slice),470,Meal,Dinner,250,12.0,19.0,30.0,2.93,10.0,4.0,3.0,25,600.0,77.8,355.6,12.6
610,Fresh Mozzarella (1 oz),474,Dairy,Dinner,72,5.0,6.2,0.8,4.56,5.0,0.3,0.0,22,138.0,50.6,441.2,5.7
611,Basil (2 tbsp fresh),472,Condiment,Dinner,1,0.1,24.8,0.1,3.32,0.0,0.0,0.1,0,0.0,67.6,98.0,7.6
612,Carbonara (1.5 cups),244,Meal,Dinner,650,25.0,18.1,60.0,2.86,35.0,4.0,4.0,250,900.0,71.8,369.1,7.5
613,Guanciale (1 oz),177,Protein,Dinner,170,3.0,9.2,0.0,4.63,18.0,0.0,0.0,35,450.0,23.5,266.1,2.0
614,Pecorino Cheese (1 tbsp),185,Dairy,Dinner,25,1.5,6.8,0.1,1.06,2.0,0.0,0.0,6,110.0,34.2,225.1,13.3
615,Black Pepper (1/4 tsp),257,Condiment,Dinner,1,0.0,10.8,0.2,4.13,0.0,0.0,0.1,0,0.0,71.1,120.6,1.0
616,Egg Yolk (1 large in sauce),355,Protein,Dinner,55,2.7,4.4,0.6,4.55,4.5,0.3,0.0,184,8.0,68.8,87.7,3.0
617,Supplì (1 piece fried rice ball),483,Snack,Snack,200,8.0,15.1,25.0,3.17,8.0,2.0,2.0,25,400.0,85.3,212.4,6.3
618,Aperol Spritz (1 drink),76,Beverage,Snack,180,0.0,4.5,20.0,4.44,0.0,20.0,0.0,0,10.0,21.8,227.0,1.8
619,Prosecco (3 oz),263,Beverage,Snack,70,0.0,9.2,2.0,0.19,0.0,1.5,0.0,0,5.0,72.8,25.1,14.0
620,Club Soda (2 oz),246,Beverage,Snack,0,0.0,10.5,0.0,4.08,0.0,0.0,0.0,0,20.0,75.0,391.6,2.9
621,Orange Slice (garnish),272,Fruit,Snack,5,0.1,15.1,1.0,3.87,0.0,0.8,0.2,0,0.0,78.1,419.4,6.4
622,Tagliatelle al Ragù (Bolognese),458,Meal,Dinner,550,28.0,11.9,65.0,4.5,20.0,8.0,7.0,70,850.0,37.1,144.1,11.8
623,Ground Beef (2 oz in sauce),440,Protein,Dinner,140,11.0,20.8,0.0,4.95,10.0,0.0,0.0,35,40.0,44.9,346.1,11.1
624,Pancetta (0.5 oz in sauce),244,Protein,Dinner,45,1.5,10.0,0.0,1.15,4.5,0.0,0.0,10,160.0,58.8,315.8,5.4
625,Carrot (1/4 minced in sauce),373,Vegetable,Dinner,10,0.2,2.1,2.4,0.86,0.1,1.2,0.7,0,17.0,22.6,386.5,0.9
626,Celery (1/4 stalk minced),55,Vegetable,Dinner,2,0.1,18.2,0.4,0.91,0.0,0.2,0.2,0,12.0,51.2,4.1,2.9
627,Onion (1/8 minced in sauce),90,Vegetable,Dinner,5,0.1,17.1,1.2,3.34,0.0,0.6,0.2,0,1.0,14.1,62.6,1.1
628,Crushed Tomatoes (1/2 cup sauce),369,Vegetable,Dinner,20,1.0,20.7,4.0,2.48,0.0,3.0,1.5,0,200.0,5.3,75.8,10.8
629,Parmigiano-Reggiano (1 tbsp),482,Dairy,Dinner,22,2.0,12.3,0.2,4.02,1.5,0.0,0.0,4,95.0,74.3,23.2,13.5
630,Cannoli (1 medium),295,Dessert,Snack,240,5.0,1.5,25.0,4.41,13.0,18.0,1.0,30,100.0,64.5,380.3,4.2
631,Ricotta (filling 1 oz),152,Dairy,Snack,49,3.2,19.1,0.8,3.57,3.8,0.1,0.0,14,23.0,32.2,149.0,13.5
632,Pistachio (garnish),143,Nut,Snack,10,0.4,19.4,0.5,0.11,0.8,0.1,0.2,0,0.0,69.4,65.1,1.0
633,Biscotti (1 cookie),213,Dessert,Snack,110,2.0,9.8,18.0,4.66,4.0,9.0,1.0,15,50.0,42.3,132.1,1.2
634,Espresso (for dipping),71,Beverage,Snack,2,0.2,23.6,0.0,3.99,0.0,0.0,0.0,0,1.0,92.7,330.5,13.5
635,Focaccia (1 square),356,Grain,Lunch,250,8.0,5.9,40.0,2.08,7.0,2.0,2.0,0,500.0,49.8,69.0,6.9
636,Rosemary (1 tsp topping),264,Condiment,Lunch,1,0.0,21.1,0.2,3.0,0.0,0.0,0.1,0,0.0,4.8,493.0,8.3
637,Coarse Salt (garnish),444,Condiment,Lunch,0,0.0,22.5,0.0,3.99,0.0,0.0,0.0,0,200.0,55.4,109.6,0.4
638,Olive Oil (1 tbsp drizzle),303,Condiment,Lunch,120,0.0,3.9,0.0,3.27,14.0,0.0,0.0,0,0.0,91.2,301.9,12.3
639,Bruschetta (2 pcs),137,Snack,Snack,180,4.0,5.7,25.0,3.42,7.0,4.0,3.0,0,350.0,83.3,429.0,14.5
640,Balsamic Glaze (1 tsp),126,Condiment,Snack,13,0.0,17.2,3.0,3.51,0.0,2.7,0.0,0,3.0,69.3,292.4,5.8
641,Ribollita (1.5 cups soup),387,Meal,Dinner,350,15.0,20.5,55.0,0.66,8.0,10.0,14.0,5,900.0,78.3,411.5,5.8
642,Cannellini Beans (1/2 cup in soup),271,Legume,Dinner,105,7.0,12.0,20.0,2.02,0.5,1.0,6.0,0,230.0,15.9,342.9,1.7
643,Kale (1 cup in soup),422,Vegetable,Dinner,33,2.9,13.5,6.0,1.17,0.6,1.0,2.0,0,29.0,3.6,332.3,1.3
644,Stale Bread (1/2 cup in soup),67,Grain,Dinner,80,3.0,10.0,15.0,3.6,1.0,1.5,1.0,0,160.0,19.0,158.1,13.8
645,Polenta (1 cup creamy),181,Meal,Dinner,150,3.0,23.1,32.0,3.5,1.0,1.0,3.0,5,350.0,8.2,134.6,3.2
646,Gorgonzola Cheese (1 oz),403,Dairy,Dinner,100,6.0,16.5,0.7,3.03,8.0,0.1,0.0,21,325.0,50.2,263.3,9.6
647,Negroni (1 drink),349,Beverage,Snack,190,0.0,20.9,15.0,1.68,0.0,15.0,0.0,0,5.0,72.6,178.1,6.8
648,Gin (1 oz),123,Beverage,Snack,70,0.0,14.3,0.0,4.99,0.0,0.0,0.0,0,0.0,81.1,203.9,8.9
649,Campari (1 oz),369,Beverage,Snack,80,0.0,4.7,10.0,3.68,0.0,10.0,0.0,0,5.0,66.6,350.4,7.5
650,Sweet Vermouth (1 oz),76,Beverage,Snack,40,0.0,9.5,5.0,4.48,0.0,5.0,0.0,0,0.0,34.5,362.0,14.8
651,Orange Peel (garnish),426,Condiment,Snack,1,0.0,8.3,0.2,4.95,0.0,0.0,0.1,0,0.0,9.5,180.4,4.0
652,Osso Buco (1 serving),68,Protein,Dinner,550,45.0,1.4,15.0,3.71,30.0,6.0,4.0,150,900.0,95.5,399.5,3.6
653,Gremolata (1 tbsp),272,Condiment,Dinner,15,0.5,13.6,1.0,0.76,1.0,0.5,0.5,0,5.0,41.2,450.0,8.8
654,Risotto alla Milanese (1 cup),399,Meal,Dinner,350,10.0,22.2,50.0,0.35,12.0,3.0,3.0,30,700.0,26.4,401.3,0.7
655,Saffron (pinch in risotto),160,Condiment,Dinner,1,0.0,9.0,0.1,1.16,0.0,0.0,0.0,0,0.0,70.1,401.2,2.4
656,Panettone (1 slice),125,Dessert,Snack,320,6.0,8.7,50.0,1.0,12.0,25.0,3.0,70,200.0,32.3,334.1,1.7
657,Candied Fruit (1 tbsp),347,Fruit,Snack,30,0.0,20.8,8.0,1.06,0.0,8.0,0.5,0,5.0,84.1,364.6,10.8
658,Amaretti Cookie (2 cookies),212,Dessert,Snack,90,2.0,8.6,12.0,3.08,4.0,10.0,1.0,0,10.0,56.7,278.7,3.4
659,Limoncello (1.5 oz shot),245,Beverage,Snack,150,0.0,5.9,18.0,1.5,0.0,18.0,0.0,0,0.0,60.9,306.8,2.3
660,Panna Cotta (1 serving),260,Dessert,Snack,300,4.0,12.5,25.0,3.31,20.0,22.0,0.0,70,50.0,90.4,35.7,8.8
661,Berry Coulis (1 tbsp),485,Condiment,Snack,20,0.0,19.1,5.0,4.08,0.0,4.5,0.5,0,0.0,18.6,388.5,5.2
662,Saltimbocca (1 serving),242,Protein,Dinner,380,38.0,23.4,5.0,1.19,22.0,1.0,0.5,120,850.0,19.5,498.9,12.0
663,Prosciutto (1 slice wrapper),191,Protein,Dinner,35,4.0,9.7,0.0,2.53,2.5,0.0,0.0,10,280.0,51.6,437.5,1.6
664,Sage (2 leaves),247,Condiment,Dinner,1,0.0,3.1,0.1,1.59,0.0,0.0,0.1,0,0.0,26.1,160.7,10.6
665,White Wine Sauce (1/4 cup),252,Condiment,Dinner,80,1.0,5.1,4.0,0.1,6.0,2.0,0.5,5,300.0,79.4,211.2,6.7
666,Polenta (grilled 1 slice),154,Meal,Dinner,120,2.5,2.7,25.0,4.86,1.0,0.5,2.0,0,300.0,19.5,212.4,3.7
667,Caponata (1/2 cup),436,Meal,Dinner,180,2.0,18.1,15.0,0.24,14.0,9.0,5.0,0,400.0,41.0,304.0,14.4
668,Eggplant (1/2 cup in caponata),443,Vegetable,Dinner,40,0.5,5.6,6.0,4.24,2.0,3.0,2.0,0,150.0,71.7,45.7,10.8
669,Pine Nuts (1/2 tbsp),128,Nut,Dinner,48,1.0,20.7,1.0,2.05,5.0,0.2,0.2,0,0.0,37.3,245.6,4.2
670,Raisins (1 tbsp),248,Fruit,Dinner,27,0.3,15.4,7.0,1.09,0.0,6.0,0.3,0,1.0,85.6,467.0,11.6
671,Gelato (Pistachio 1/2 cup),476,Dessert,Snack,220,5.0,14.5,24.0,0.79,12.0,20.0,2.0,40,60.0,12.4,428.6,10.9
672,Waffle Cone (1 small),264,Grain,Snack,70,1.0,4.1,13.0,0.83,1.5,7.0,0.5,5,30.0,72.6,161.4,4.6
673,Cacio e Pepe (1.5 cups),421,Meal,Dinner,500,18.0,22.6,65.0,1.98,19.0,3.0,4.0,50,700.0,44.8,370.2,13.8
674,Pecorino Romano (1/4 cup),105,Dairy,Dinner,110,7.5,6.3,1.0,0.44,8.5,0.0,0.0,25,450.0,16.9,128.7,1.9
675,Black Pepper (1/2 tsp),364,Condiment,Dinner,3,0.1,12.1,0.7,2.65,0.0,0.0,0.3,0,0.0,56.9,10.1,8.2
676,Fiorentina Steak (3oz portion),82,Protein,Dinner,230,24.0,12.2,0.0,2.11,15.0,0.0,0.0,75,60.0,22.7,117.0,1.6
677,Olive Oil (1 tbsp drizzle),397,Condiment,Dinner,120,0.0,18.1,0.0,3.35,14.0,0.0,0.0,0,0.0,11.3,163.2,10.2
678,Rosemary (garnish),419,Condiment,Dinner,1,0.0,13.8,0.2,3.88,0.0,0.0,0.1,0,0.0,57.4,228.1,13.7
679,White Beans (Tuscan style 1/2 cup),391,Legume,Dinner,150,8.0,5.6,20.0,2.42,4.0,2.0,7.0,0,350.0,50.7,484.8,7.2
680,Garlic (1 clove in beans),352,Vegetable,Dinner,4,0.2,14.5,0.9,1.64,0.0,0.0,0.1,0,1.0,51.3,196.2,1.9
681,Sage (in beans),262,Condiment,Dinner,1,0.0,17.1,0.1,0.9,0.0,0.0,0.1,0,0.0,12.6,199.8,13.0
682,Arancini (1 large ball),479,Snack,Snack,250,9.0,7.9,30.0,1.9,10.0,3.0,3.0,30,500.0,46.7,455.7,6.4
683,Ragù (filling 1 tbsp),493,Condiment,Snack,25,1.5,1.4,1.0,3.23,1.5,0.5,0.5,5,60.0,7.7,124.3,2.8
684,Mozzarella (filling 0.5 oz),300,Dairy,Snack,40,3.0,21.3,0.5,0.64,3.0,0.2,0.0,10,75.0,30.5,496.2,7.8
685,Breadcrumbs (coating),106,Grain,Snack,25,0.5,8.8,4.0,2.47,0.5,0.5,0.5,0,50.0,83.3,252.1,13.3
686,Campari & Soda (1 drink),251,Beverage,Snack,85,0.0,5.2,10.0,0.49,0.0,10.0,0.0,0,25.0,35.3,455.8,13.7
687,Olive (garnish),486,Fruit,Snack,5,0.0,18.9,0.1,4.12,0.5,0.0,0.1,0,30.0,35.3,97.8,1.1
688,Vitello Tonnato (1 serving),325,Protein,Lunch,380,35.0,7.5,3.0,2.48,25.0,1.0,0.5,110,600.0,3.7,393.3,8.2
689,Tuna Sauce (2 tbsp),353,Condiment,Lunch,100,4.0,6.1,1.0,1.92,9.0,0.5,0.0,15,200.0,99.5,423.8,8.5
690,Capers (garnish),331,Condiment,Lunch,2,0.2,8.1,0.4,3.97,0.1,0.1,0.3,0,200.0,9.6,365.0,14.5
691,Lemon Slice (garnish),443,Condiment,Lunch,1,0.0,24.9,0.3,1.32,0.0,0.1,0.1,0,0.0,51.2,92.5,12.1
692,Gnocchi alla Sorrentina (1.5 cups),180,Meal,Dinner,450,15.0,20.9,60.0,4.11,18.0,9.0,6.0,40,800.0,4.8,13.3,3.7
693,Tomato Sauce (1/2 cup),246,Condiment,Dinner,40,1.5,3.8,7.0,0.7,1.0,4.0,2.0,0,350.0,0.9,183.6,13.9
694,Mozzarella (1 oz melted),54,Dairy,Dinner,80,6.0,0.8,1.0,1.09,6.0,0.5,0.0,20,150.0,25.4,281.2,4.7
695,Basil (fresh garnish),182,Condiment,Dinner,1,0.1,19.6,0.0,4.85,0.0,0.0,0.1,0,0.0,10.8,215.0,0.3
696,Parmigiano-Reggiano (1 tbsp),168,Dairy,Dinner,22,2.0,11.3,0.2,2.76,1.5,0.0,0.0,4,95.0,56.5,212.1,0.9
697,Pesto (1/4 cup),375,Condiment,Dinner,290,5.0,7.0,4.0,1.34,29.0,1.0,2.0,5,600.0,54.2,11.5,2.6
698,Pine Nuts (1 tbsp in pesto),161,Nut,Dinner,95,2.0,9.6,2.0,0.36,10.0,0.5,0.5,0,0.0,62.7,189.3,14.9
699,Garlic (1/2 clove in pesto),479,Vegetable,Dinner,2,0.1,0.6,0.5,0.29,0.0,0.0,0.0,0,0.0,10.7,46.3,2.4
700,Trofie Pasta (1 cup cooked),379,Grain,Dinner,210,7.0,0.1,43.0,3.16,1.0,1.0,2.0,0,5.0,74.7,320.3,8.5
701,Green Beans (1/2 cup w/ pasta),127,Vegetable,Dinner,15,0.9,6.6,3.5,4.11,0.1,1.6,1.3,0,3.0,0.2,71.6,9.0
702,Potato (1/2 w/ pasta),175,Vegetable,Dinner,65,1.0,24.0,15.0,0.11,0.1,0.5,1.0,0,3.0,94.6,421.1,7.1
703,Espresso Martini (1 drink),144,Beverage,Snack,280,0.5,23.1,25.0,3.76,0.0,25.0,0.0,0,5.0,36.9,20.6,4.9
704,Vodka (1.5 oz),119,Beverage,Snack,97,0.0,23.3,0.0,3.23,0.0,0.0,0.0,0,0.0,73.0,241.9,10.5
705,Coffee Liqueur (1 oz),471,Beverage,Snack,100,0.0,16.0,15.0,4.35,0.0,15.0,0.0,0,2.0,27.4,391.9,2.6
706,Espresso (1 oz in drink),282,Beverage,Snack,3,0.3,13.2,0.0,1.14,0.1,0.0,0.0,0,1.0,0.4,226.2,7.0
707,Simple Syrup (1/2 oz),482,Condiment,Snack,30,0.0,5.0,8.0,3.68,0.0,8.0,0.0,0,0.0,51.4,394.8,4.3
708,Coffee Beans (3 garnish),259,Snack,Snack,2,0.1,2.1,0.3,4.35,0.0,0.0,0.1,0,0.0,57.6,460.7,14.7
709,Baba Ganoush (1/4 cup),326,Meal,Snack,100,2.0,1.1,8.0,4.05,7.0,2.0,4.0,0,300.0,64.2,261.2,4.0
710,Pita Bread (1 white),393,Grain,Snack,165,5.5,23.1,33.0,4.86,1.2,1.5,1.5,0,310.0,85.5,28.5,5.6
711,Falafel (3 pieces),145,Meal,Lunch,180,6.0,16.7,18.0,3.12,9.0,1.0,4.0,0,320.0,0.9,65.6,6.4
712,Tahini Sauce (1 tbsp),465,Condiment,Lunch,30,1.0,7.6,1.5,2.89,2.5,0.0,0.5,0,45.0,99.2,117.7,10.3
713,Pickled Turnips (2 tbsp),158,Vegetable,Lunch,10,0.2,11.4,2.0,2.65,0.0,1.0,0.5,0,200.0,71.7,277.8,7.2
714,Shawarma (Chicken 1 wrap),487,Meal,Lunch,550,30.0,21.1,50.0,1.18,25.0,5.0,6.0,80,1100.0,56.2,112.0,13.6
715,Garlic Sauce (1 tbsp),116,Condiment,Lunch,90,0.1,1.3,1.0,4.81,10.0,0.5,0.0,5,80.0,73.1,315.5,9.0
716,Hummus (1/4 cup),257,Legume,Lunch,130,5.0,23.5,10.0,4.61,8.0,1.0,4.0,0,250.0,16.1,293.7,9.0
717,Tabouli (1/2 cup),77,Meal,Lunch,120,3.0,5.8,15.0,1.92,6.0,2.0,4.0,0,300.0,54.5,269.8,14.6
718,Bulgur (1/4 cup in tabouli),343,Grain,Lunch,76,2.7,21.7,16.8,0.57,0.2,0.1,4.1,0,4.0,62.5,325.8,3.2
719,Parsley (1/4 cup in tabouli),197,Vegetable,Lunch,5,0.3,9.6,1.0,0.95,0.1,0.1,0.5,0,5.0,60.7,310.4,0.2
720,Mint (1 tbsp in tabouli),294,Condiment,Lunch,1,0.1,24.8,0.1,0.49,0.0,0.0,0.1,0,0.0,76.5,69.3,7.4
721,Lemon Juice (1 tbsp dressing),57,Condiment,Lunch,4,0.1,22.4,1.3,2.06,0.0,0.2,0.1,0,0.0,21.5,7.3,5.6
722,Olive Oil (1 tbsp dressing),441,Condiment,Lunch,120,0.0,20.6,0.0,4.2,14.0,0.0,0.0,0,0.0,55.1,78.1,4.1
723,Kibbeh (1 piece fried),230,Protein,Snack,230,9.0,7.4,20.0,1.87,13.0,1.0,3.0,30,450.0,34.7,396.6,2.9
724,Pine Nuts (1/2 tbsp filling),172,Nut,Snack,48,1.0,18.9,1.0,4.25,5.0,0.2,0.2,0,0.0,99.7,209.2,9.9
725,Ground Lamb (1 oz filling),189,Protein,Snack,80,5.5,11.7,0.0,2.87,6.0,0.0,0.0,20,20.0,68.2,128.1,13.3
726,Bulgur (1 tbsp shell),444,Grain,Snack,15,0.5,24.0,3.4,1.31,0.0,0.0,0.8,0,1.0,7.1,471.9,9.6
727,Lentil Soup (1 cup Middle Eastern),308,Meal,Lunch,200,10.0,8.5,30.0,2.04,5.0,4.0,10.0,0,700.0,47.9,442.7,13.4
728,Cumin (1 tsp),148,Condiment,Lunch,8,0.3,19.6,1.5,4.65,0.5,0.1,0.4,0,3.0,16.9,5.3,12.3
729,Coriander (1 tsp),292,Condiment,Lunch,5,0.1,17.3,1.0,0.03,0.2,0.0,0.5,0,1.0,55.7,30.5,1.7
730,Lemon Juice (1 tsp in soup),392,Condiment,Lunch,1,0.0,14.7,0.4,2.69,0.0,0.1,0.0,0,0.0,45.5,187.6,4.1
731,Pita Crisps (1 oz),112,Snack,Lunch,130,3.0,5.1,18.0,4.5,5.0,1.0,2.0,0,240.0,53.8,57.2,12.8
732,Manakeesh (Za'atar 1 small),206,Meal,Breakfast,300,7.0,18.1,45.0,1.07,10.0,2.0,4.0,0,500.0,89.6,177.1,5.9
733,Za'atar (1 tbsp),335,Condiment,Breakfast,40,1.0,21.8,3.0,4.42,3.0,0.0,1.5,0,150.0,25.0,63.5,10.5
734,Olive Oil (1 tbsp on bread),262,Condiment,Breakfast,120,0.0,21.7,0.0,1.77,14.0,0.0,0.0,0,0.0,88.7,353.6,6.1
735,Labneh (2 tbsp),430,Dairy,Breakfast,60,4.0,1.0,2.0,3.64,4.0,2.0,0.0,15,80.0,88.3,144.9,8.9
736,Cucumber (1/4 cup side),350,Vegetable,Breakfast,8,0.3,18.1,1.8,1.48,0.0,0.8,0.2,0,1.0,70.0,338.3,10.9
737,Tomato (1/4 cup side),443,Vegetable,Breakfast,8,0.3,15.4,1.8,1.42,0.1,1.2,0.5,0,2.0,23.4,360.1,8.4
738,Olives (5 side),464,Fruit,Breakfast,35,0.2,20.2,1.0,1.48,3.5,0.0,0.5,0,210.0,42.2,306.5,7.0
739,Mint Tea (1 cup),476,Beverage,Breakfast,2,0.1,0.6,0.5,0.63,0.0,0.0,0.0,0,5.0,94.3,446.3,8.7
740,Stuffed Grape Leaves (3 pcs),102,Meal,Snack,150,3.0,3.5,20.0,4.54,7.0,3.0,3.0,0,400.0,50.8,366.3,12.9
741,Rice (1/4 cup filling),218,Grain,Snack,51,1.1,4.2,11.1,1.09,0.1,0.0,0.1,0,0.0,94.7,437.9,6.9
742,Turkish Coffee (1 small cup),335,Beverage,Snack,5,0.2,16.2,0.5,1.11,0.0,0.0,0.0,0,1.0,78.4,398.6,12.6
743,Cardamom (in coffee),213,Condiment,Snack,1,0.0,9.1,0.2,1.31,0.0,0.0,0.1,0,0.0,41.7,24.2,6.5
744,Shish Tawook (2 skewers),302,Protein,Dinner,300,35.0,2.7,5.0,1.64,16.0,2.0,1.0,100,600.0,61.2,66.8,1.7
745,Garlic Sauce (Toum 1 tbsp),124,Condiment,Dinner,90,0.1,12.6,1.0,0.77,10.0,0.5,0.0,5,80.0,30.1,398.5,4.2
746,French Fries (side),180,Vegetable,Dinner,340,4.0,4.0,44.0,3.75,17.0,0.3,4.0,0,230.0,45.2,160.8,14.1
747,Pickled Cucumber (1/4 cup),399,Vegetable,Dinner,10,0.5,8.2,2.0,1.81,0.0,1.0,1.0,0,300.0,84.6,215.3,14.0
748,Fattoush Salad (1.5 cups),113,Meal,Lunch,250,5.0,15.5,25.0,3.99,15.0,5.0,6.0,0,500.0,16.4,33.5,5.2
749,Fried Pita (1/2 pita in salad),216,Grain,Lunch,80,2.0,4.8,12.0,1.74,3.0,0.5,1.0,0,150.0,73.9,27.9,9.7
750,Sumac (1/2 tsp dressing),374,Condiment,Lunch,5,0.1,3.0,1.0,0.36,0.2,0.0,0.5,0,1.0,79.2,146.2,3.6
751,Pomegranate Molasses (1 tsp),197,Condiment,Lunch,15,0.0,23.2,4.0,1.67,0.0,4.0,0.0,0,0.0,13.4,162.4,1.5
